date,crypto,sentiment_mean,sentiment_median,sentiment_std,post_count,negative_count,neutral_count,positive_count,sentiment_ma7,sentiment_ma30,sentiment_change,trend,is_spike
2025-09-30,Aave,,,,,,,,,,,Stable,False
2025-10-01,Aave,,,,,,,,,,,Stable,False
2025-10-02,Aave,,,,,,,,,,,Stable,False
2025-10-03,Aave,-0.3834,-0.3834,0.0,1.0,1.0,0.0,0.0,-0.3834,-0.3834,,Stable,False
2025-10-04,Aave,-0.3834,-0.3834,0.0,1.0,1.0,0.0,0.0,-0.3834,-0.3834,0.0,Stable,False
2025-10-05,Aave,-0.3834,-0.3834,0.0,1.0,1.0,0.0,0.0,-0.3834,-0.3834,0.0,Stable,False
2025-10-06,Aave,-0.3834,-0.3834,0.0,1.0,1.0,0.0,0.0,-0.3834,-0.3834,0.0,Stable,False
2025-10-07,Aave,-0.3834,-0.3834,0.0,1.0,1.0,0.0,0.0,-0.3834,-0.3834,0.0,Stable,False
2025-10-08,Aave,-0.3834,-0.3834,0.0,1.0,1.0,0.0,0.0,-0.3834,-0.3834,0.0,Stable,False
2025-10-09,Aave,-0.3834,-0.3834,0.0,1.0,1.0,0.0,0.0,-0.3834,-0.3834,0.0,Stable,False
2025-10-10,Aave,-0.3834,-0.3834,0.0,1.0,1.0,0.0,0.0,-0.3834,-0.3834,0.0,Stable,False
2025-10-11,Aave,0.5849,0.5849,0.0,1.0,0.0,0.0,1.0,-0.2450714285714286,-0.2758111111111112,0.9682999999999999,Improving,False
2025-10-12,Aave,0.5849,0.5849,0.0,1.0,0.0,0.0,1.0,-0.10674285714285715,-0.18974000000000002,0.0,Stable,False
2025-10-13,Aave,0.5849,0.5849,0.0,1.0,0.0,0.0,1.0,0.031585714285714266,-0.11931818181818184,0.0,Stable,False
2025-10-14,Aave,0.5849,0.5849,0.0,1.0,0.0,0.0,1.0,0.16991428571428568,-0.06063333333333335,0.0,Stable,False
2025-10-15,Aave,0.5187,0.5187,0.0,1.0,0.0,0.0,1.0,0.29878571428571427,-0.016069230769230784,-0.06619999999999993,Declining,False
2025-10-16,Aave,0.5187,0.5187,0.0,1.0,0.0,0.0,1.0,0.42765714285714285,0.022128571428571418,0.0,Stable,False
2025-10-17,Aave,0.7684,0.7684,0.0,1.0,0.0,0.0,1.0,0.5922000000000001,0.07187999999999999,0.24969999999999992,Improving,False
2025-10-18,Aave,0.7684,0.7684,0.0,1.0,0.0,0.0,1.0,0.6184142857142857,0.11541249999999999,0.0,Stable,False
2025-10-19,Aave,0.7684,0.7684,0.0,1.0,0.0,0.0,1.0,0.6446285714285713,0.1538235294117647,0.0,Stable,False
2025-10-20,Aave,0.0,0.0,0.0,1.0,0.0,1.0,0.0,0.5610714285714286,0.14527777777777776,-0.7684,Declining,False
2025-10-21,Aave,0.0,0.0,0.0,1.0,0.0,1.0,0.0,0.4775142857142857,0.1376315789473684,0.0,Stable,False
2025-10-22,Aave,-0.8807,-0.8807,0.0,1.0,1.0,0.0,0.0,0.2776,0.08671499999999999,-0.8807,Declining,True
2025-10-23,Aave,-0.8807,-0.8807,0.0,1.0,1.0,0.0,0.0,0.07768571428571426,0.04064761904761903,0.0,Stable,False
2025-10-24,Aave,-0.8807,-0.8807,0.0,1.0,1.0,0.0,0.0,-0.1579,-0.0012318181818181976,0.0,Stable,False
2025-10-25,Aave,0.7243666666666666,0.7096,0.12003317596953487,3.0,0.0,0.0,3.0,-0.16419047619047622,0.03031594202898549,1.6050666666666666,Improving,False
2025-10-26,Aave,0.7243666666666666,0.7096,0.12003317596953487,3.0,0.0,0.0,3.0,-0.17048095238095243,0.0592347222222222,0.0,Stable,False
2025-10-27,Aave,0.7243666666666666,0.7096,0.12003317596953487,3.0,0.0,0.0,3.0,-0.06700000000000005,0.08583999999999997,0.0,Stable,False
2025-10-28,Aave,0.7243666666666666,0.7096,0.12003317596953487,3.0,0.0,0.0,3.0,0.03648095238095233,0.11039871794871793,0.0,Stable,False
2025-10-29,Aave,0.7243666666666666,0.7096,0.12003317596953487,3.0,0.0,0.0,3.0,0.26577619047619044,0.13313827160493824,0.0,Stable,False
2025-10-30,Aave,0.7243666666666666,0.7096,0.12003317596953487,3.0,0.0,0.0,3.0,0.4950714285714285,0.15425357142857138,0.0,Stable,False
2025-10-31,Aave,0.0,0.0,0.0,1.0,0.0,1.0,0.0,0.6208857142857143,0.14893448275862065,-0.7243666666666666,Declining,False
2025-11-01,Aave,0.0,0.0,0.0,1.0,0.0,1.0,0.0,0.5174047619047618,0.14396999999999996,0.0,Stable,False
2025-11-02,Aave,0.0,0.0,0.0,1.0,0.0,1.0,0.0,0.41392380952380947,0.15674999999999997,0.0,Stable,False
2025-11-03,Aave,0.0,0.0,0.0,1.0,0.0,1.0,0.0,0.31044285714285713,0.16952999999999996,0.0,Stable,False
2025-11-04,Aave,0.0,0.0,0.0,1.0,0.0,1.0,0.0,0.20696190476190474,0.18230999999999994,0.0,Stable,False
2025-11-05,Aave,0.0,0.0,0.0,1.0,0.0,1.0,0.0,0.10348095238095237,0.19508999999999996,0.0,Stable,False
2025-11-06,Aave,0.0,0.0,0.0,1.0,0.0,1.0,0.0,0.0,0.20786999999999994,0.0,Stable,False
2025-11-07,Aave,0.25,0.25,0.0,1.0,0.0,0.0,1.0,0.03571428571428571,0.2289833333333333,0.25,Improving,False
2025-11-08,Aave,0.25,0.25,0.0,1.0,0.0,0.0,1.0,0.07142857142857142,0.25009666666666663,0.0,Stable,False
2025-11-09,Aave,0.25,0.25,0.0,1.0,0.0,0.0,1.0,0.10714285714285714,0.27120999999999995,0.0,Stable,False
2025-11-10,Aave,0.25,0.25,0.0,1.0,0.0,0.0,1.0,0.14285714285714285,0.26004666666666665,0.0,Stable,False
2025-11-11,Aave,0.25,0.25,0.0,1.0,0.0,0.0,1.0,0.17857142857142858,0.24888333333333332,0.0,Stable,False
2025-11-12,Aave,0.25,0.25,0.0,1.0,0.0,0.0,1.0,0.21428571428571427,0.23771999999999996,0.0,Stable,False
2025-11-13,Aave,0.25,0.25,0.0,1.0,0.0,0.0,1.0,0.25,0.22655666666666666,0.0,Stable,False
2025-09-30,Aptos,,,,,,,,,,,Stable,False
2025-10-01,Aptos,,,,,,,,,,,Stable,False
2025-10-02,Aptos,,,,,,,,,,,Stable,False
2025-10-03,Aptos,,,,,,,,,,,Stable,False
2025-10-04,Aptos,,,,,,,,,,,Stable,False
2025-10-05,Aptos,0.0,0.0,0.0,1.0,0.0,1.0,0.0,0.0,0.0,,Stable,False
2025-10-06,Aptos,0.0,0.0,0.0,1.0,0.0,1.0,0.0,0.0,0.0,0.0,Stable,False
2025-10-07,Aptos,0.0,0.0,0.0,1.0,0.0,1.0,0.0,0.0,0.0,0.0,Stable,False
2025-10-08,Aptos,0.0,0.0,0.0,1.0,0.0,1.0,0.0,0.0,0.0,0.0,Stable,False
2025-10-09,Aptos,0.0,0.0,0.0,1.0,0.0,1.0,0.0,0.0,0.0,0.0,Stable,False
2025-10-10,Aptos,0.0,0.0,0.0,1.0,0.0,1.0,0.0,0.0,0.0,0.0,Stable,False
2025-10-11,Aptos,0.0,0.0,0.0,1.0,0.0,1.0,0.0,0.0,0.0,0.0,Stable,False
2025-10-12,Aptos,0.0,0.0,0.0,1.0,0.0,1.0,0.0,0.0,0.0,0.0,Stable,False
2025-10-13,Aptos,0.0,0.0,0.0,1.0,0.0,1.0,0.0,0.0,0.0,0.0,Stable,False
2025-10-14,Aptos,0.0,0.0,0.0,1.0,0.0,1.0,0.0,0.0,0.0,0.0,Stable,False
2025-10-15,Aptos,0.0,0.0,0.0,1.0,0.0,1.0,0.0,0.0,0.0,0.0,Stable,False
2025-10-16,Aptos,0.0,0.0,0.0,1.0,0.0,1.0,0.0,0.0,0.0,0.0,Stable,False
2025-10-17,Aptos,0.0,0.0,0.0,1.0,0.0,1.0,0.0,0.0,0.0,0.0,Stable,False
2025-10-18,Aptos,0.0,0.0,0.0,1.0,0.0,1.0,0.0,0.0,0.0,0.0,Stable,False
2025-10-19,Aptos,0.0,0.0,0.0,1.0,0.0,1.0,0.0,0.0,0.0,0.0,Stable,False
2025-10-20,Aptos,0.0,0.0,0.0,1.0,0.0,1.0,0.0,0.0,0.0,0.0,Stable,False
2025-10-21,Aptos,0.0,0.0,0.0,1.0,0.0,1.0,0.0,0.0,0.0,0.0,Stable,False
2025-10-22,Aptos,0.0,0.0,0.0,1.0,0.0,1.0,0.0,0.0,0.0,0.0,Stable,False
2025-10-23,Aptos,0.0,0.0,0.0,1.0,0.0,1.0,0.0,0.0,0.0,0.0,Stable,False
2025-10-24,Aptos,0.0,0.0,0.0,1.0,0.0,1.0,0.0,0.0,0.0,0.0,Stable,False
2025-10-25,Aptos,0.0,0.0,0.0,1.0,0.0,1.0,0.0,0.0,0.0,0.0,Stable,False
2025-10-26,Aptos,0.0,0.0,0.0,1.0,0.0,1.0,0.0,0.0,0.0,0.0,Stable,False
2025-10-27,Aptos,0.0,0.0,0.0,1.0,0.0,1.0,0.0,0.0,0.0,0.0,Stable,False
2025-10-28,Aptos,0.0,0.0,0.0,1.0,0.0,1.0,0.0,0.0,0.0,0.0,Stable,False
2025-10-29,Aptos,0.743,0.743,0.0,1.0,0.0,0.0,1.0,0.10614285714285714,0.02972,0.743,Improving,True
2025-10-30,Aptos,0.743,0.743,0.0,1.0,0.0,0.0,1.0,0.21228571428571427,0.05715384615384615,0.0,Stable,True
2025-10-31,Aptos,0.0,0.0,0.0,1.0,0.0,1.0,0.0,0.21228571428571427,0.05503703703703704,-0.743,Declining,True
2025-11-01,Aptos,0.0,0.0,0.0,1.0,0.0,1.0,0.0,0.21228571428571427,0.05307142857142857,0.0,Stable,True
2025-11-02,Aptos,0.0,0.0,0.0,1.0,0.0,1.0,0.0,0.21228571428571427,0.05124137931034483,0.0,Stable,True
2025-11-03,Aptos,0.0,0.0,0.0,1.0,0.0,1.0,0.0,0.21228571428571427,0.04953333333333333,0.0,Stable,True
2025-11-04,Aptos,0.0,0.0,0.0,1.0,0.0,1.0,0.0,0.21228571428571427,0.04953333333333333,0.0,Stable,True
2025-11-05,Aptos,0.0,0.0,0.0,1.0,0.0,1.0,0.0,0.10614285714285714,0.04953333333333333,0.0,Stable,False
2025-11-06,Aptos,0.0,0.0,0.0,1.0,0.0,1.0,0.0,0.0,0.04953333333333333,0.0,Stable,False
2025-11-07,Aptos,0.0,0.0,0.0,1.0,0.0,1.0,0.0,0.0,0.04953333333333333,0.0,Stable,False
2025-11-08,Aptos,0.0,0.0,0.0,1.0,0.0,1.0,0.0,0.0,0.04953333333333333,0.0,Stable,False
2025-11-09,Aptos,0.0,0.0,0.0,1.0,0.0,1.0,0.0,0.0,0.04953333333333333,0.0,Stable,False
2025-11-10,Aptos,0.0,0.0,0.0,1.0,0.0,1.0,0.0,0.0,0.04953333333333333,0.0,Stable,False
2025-11-11,Aptos,0.0,0.0,0.0,1.0,0.0,1.0,0.0,0.0,0.04953333333333333,0.0,Stable,False
2025-11-12,Aptos,0.0,0.0,0.0,1.0,0.0,1.0,0.0,0.0,0.04953333333333333,0.0,Stable,False
2025-11-13,Aptos,0.0,0.0,0.0,1.0,0.0,1.0,0.0,0.0,0.04953333333333333,0.0,Stable,False
2025-09-30,Aster,,,,,,,,,,,Stable,False
2025-10-01,Aster,,,,,,,,,,,Stable,False
2025-10-02,Aster,,,,,,,,,,,Stable,False
2025-10-03,Aster,,,,,,,,,,,Stable,False
2025-10-04,Aster,,,,,,,,,,,Stable,False
2025-10-05,Aster,,,,,,,,,,,Stable,False
2025-10-06,Aster,0.351,0.351,0.0,1.0,0.0,0.0,1.0,0.351,0.351,,Stable,False
2025-10-07,Aster,0.351,0.351,0.0,1.0,0.0,0.0,1.0,0.351,0.351,0.0,Stable,False
2025-10-08,Aster,0.351,0.351,0.0,1.0,0.0,0.0,1.0,0.351,0.351,0.0,Stable,False
2025-10-09,Aster,0.351,0.351,0.0,1.0,0.0,0.0,1.0,0.351,0.351,0.0,Stable,False
2025-10-10,Aster,0.0433,0.0433,0.0,1.0,0.0,1.0,0.0,0.28945999999999994,0.28945999999999994,-0.3077,Declining,True
2025-10-11,Aster,0.0,0.0,0.0,1.0,0.0,1.0,0.0,0.24121666666666663,0.24121666666666663,-0.0433,Declining,True
2025-10-12,Aster,0.0,0.0,0.0,1.0,0.0,1.0,0.0,0.20675714285714283,0.20675714285714283,0.0,Stable,True
2025-10-13,Aster,0.0,0.0,0.0,1.0,0.0,1.0,0.0,0.15661428571428568,0.18091249999999998,0.0,Stable,False
2025-10-14,Aster,0.0,0.0,0.0,1.0,0.0,1.0,0.0,0.10647142857142856,0.1608111111111111,0.0,Stable,False
2025-10-15,Aster,0.0,0.0,0.0,1.0,0.0,1.0,0.0,0.05632857142857143,0.14472999999999997,0.0,Stable,False
2025-10-16,Aster,-0.3597,-0.3597,0.0,1.0,1.0,0.0,0.0,-0.045200000000000004,0.09887272727272726,-0.3597,Declining,True
2025-10-17,Aster,-0.3597,-0.3597,0.0,1.0,1.0,0.0,0.0,-0.10277142857142858,0.06065833333333332,0.0,Stable,True
2025-10-18,Aster,-0.3597,-0.3597,0.0,1.0,1.0,0.0,0.0,-0.15415714285714285,0.028323076923076913,0.0,Stable,True
2025-10-19,Aster,-0.3597,-0.3597,0.0,1.0,1.0,0.0,0.0,-0.20554285714285717,0.0006071428571428458,0.0,Stable,False
2025-10-20,Aster,-0.3597,-0.3597,0.0,1.0,1.0,0.0,0.0,-0.25692857142857145,-0.023413333333333345,0.0,Stable,False
2025-10-21,Aster,-0.3597,-0.3597,0.0,1.0,1.0,0.0,0.0,-0.3083142857142857,-0.04443125000000001,0.0,Stable,False
2025-10-22,Aster,-0.3597,-0.3597,0.0,1.0,1.0,0.0,0.0,-0.3597,-0.0629764705882353,0.0,Stable,False
2025-10-23,Aster,-0.3597,-0.3597,0.0,1.0,1.0,0.0,0.0,-0.3597,-0.07946111111111114,0.0,Stable,False
2025-10-24,Aster,-0.3597,-0.3597,0.0,1.0,1.0,0.0,0.0,-0.3597,-0.09421052631578948,0.0,Stable,False
2025-10-25,Aster,-0.3597,-0.3597,0.0,1.0,1.0,0.0,0.0,-0.3597,-0.10748500000000001,0.0,Stable,False
2025-10-26,Aster,-0.3597,-0.3597,0.0,1.0,1.0,0.0,0.0,-0.3597,-0.11949523809523811,0.0,Stable,False
2025-10-27,Aster,-0.3597,-0.3597,0.0,1.0,1.0,0.0,0.0,-0.3597,-0.13041363636363637,0.0,Stable,False
2025-10-28,Aster,-0.3597,-0.3597,0.0,1.0,1.0,0.0,0.0,-0.3597,-0.1403826086956522,0.0,Stable,False
2025-10-29,Aster,-0.3597,-0.3597,0.0,1.0,1.0,0.0,0.0,-0.3597,-0.14952083333333335,0.0,Stable,False
2025-10-30,Aster,-0.3597,-0.3597,0.0,1.0,1.0,0.0,0.0,-0.3597,-0.157928,0.0,Stable,False
2025-10-31,Aster,-0.3182,-0.3182,0.0,1.0,1.0,0.0,0.0,-0.35377142857142857,-0.1640923076923077,0.04150000000000004,Improving,False
2025-11-01,Aster,-0.3182,-0.3182,0.0,1.0,1.0,0.0,0.0,-0.3478428571428571,-0.1698,0.0,Stable,False
2025-11-02,Aster,-0.3182,-0.3182,0.0,1.0,1.0,0.0,0.0,-0.3419142857142857,-0.1751,0.0,Stable,False
2025-11-03,Aster,-0.3182,-0.3182,0.0,1.0,1.0,0.0,0.0,-0.3359857142857143,-0.1800344827586207,0.0,Stable,False
2025-11-04,Aster,-0.3182,-0.3182,0.0,1.0,1.0,0.0,0.0,-0.3300571428571429,-0.18464,0.0,Stable,False
2025-11-05,Aster,-0.3182,-0.3182,0.0,1.0,1.0,0.0,0.0,-0.32412857142857143,-0.20694666666666667,0.0,Stable,False
2025-11-06,Aster,-0.3182,-0.3182,0.0,1.0,1.0,0.0,0.0,-0.3182,-0.22925333333333334,0.0,Stable,False
2025-11-07,Aster,-0.3182,-0.3182,0.0,1.0,1.0,0.0,0.0,-0.3182,-0.25156,0.0,Stable,False
2025-11-08,Aster,-0.3182,-0.3182,0.0,1.0,1.0,0.0,0.0,-0.3182,-0.27386666666666665,0.0,Stable,False
2025-11-09,Aster,-0.3182,-0.3182,0.0,1.0,1.0,0.0,0.0,-0.3182,-0.2859166666666667,0.0,Stable,False
2025-11-10,Aster,-0.3182,-0.3182,0.0,1.0,1.0,0.0,0.0,-0.3182,-0.2965233333333333,0.0,Stable,False
2025-11-11,Aster,-0.3182,-0.3182,0.0,1.0,1.0,0.0,0.0,-0.3182,-0.30713,0.0,Stable,False
2025-11-12,Aster,-0.3182,-0.3182,0.0,1.0,1.0,0.0,0.0,-0.3182,-0.31773666666666667,0.0,Stable,False
2025-11-13,Aster,-0.3182,-0.3182,0.0,1.0,1.0,0.0,0.0,-0.3182,-0.3283433333333334,0.0,Stable,False
2025-09-30,Avalanche,,,,,,,,,,,Stable,False
2025-10-01,Avalanche,,,,,,,,,,,Stable,False
2025-10-02,Avalanche,,,,,,,,,,,Stable,False
2025-10-03,Avalanche,,,,,,,,,,,Stable,False
2025-10-04,Avalanche,,,,,,,,,,,Stable,False
2025-10-05,Avalanche,,,,,,,,,,,Stable,False
2025-10-06,Avalanche,,,,,,,,,,,Stable,False
2025-10-07,Avalanche,,,,,,,,,,,Stable,False
2025-10-08,Avalanche,,,,,,,,,,,Stable,False
2025-10-09,Avalanche,,,,,,,,,,,Stable,False
2025-10-10,Avalanche,,,,,,,,,,,Stable,False
2025-10-11,Avalanche,,,,,,,,,,,Stable,False
2025-10-12,Avalanche,,,,,,,,,,,Stable,False
2025-10-13,Avalanche,,,,,,,,,,,Stable,False
2025-10-14,Avalanche,,,,,,,,,,,Stable,False
2025-10-15,Avalanche,,,,,,,,,,,Stable,False
2025-10-16,Avalanche,,,,,,,,,,,Stable,False
2025-10-17,Avalanche,,,,,,,,,,,Stable,False
2025-10-18,Avalanche,,,,,,,,,,,Stable,False
2025-10-19,Avalanche,,,,,,,,,,,Stable,False
2025-10-20,Avalanche,0.0,0.0,0.0,1.0,0.0,1.0,0.0,0.0,0.0,,Stable,False
2025-10-21,Avalanche,0.0,0.0,0.0,1.0,0.0,1.0,0.0,0.0,0.0,0.0,Stable,False
2025-10-22,Avalanche,0.0,0.0,0.0,1.0,0.0,1.0,0.0,0.0,0.0,0.0,Stable,False
2025-10-23,Avalanche,0.0,0.0,0.0,1.0,0.0,1.0,0.0,0.0,0.0,0.0,Stable,False
2025-10-24,Avalanche,0.0,0.0,0.0,1.0,0.0,1.0,0.0,0.0,0.0,0.0,Stable,False
2025-10-25,Avalanche,0.0,0.0,0.0,1.0,0.0,1.0,0.0,0.0,0.0,0.0,Stable,False
2025-10-26,Avalanche,0.0,0.0,0.0,1.0,0.0,1.0,0.0,0.0,0.0,0.0,Stable,False
2025-10-27,Avalanche,-0.097975,0.0,0.19595,4.0,1.0,3.0,0.0,-0.013996428571428573,-0.012246875,-0.097975,Declining,False
2025-10-28,Avalanche,-0.097975,0.0,0.19595,4.0,1.0,3.0,0.0,-0.027992857142857146,-0.021772222222222224,0.0,Stable,False
2025-10-29,Avalanche,0.269,0.2023,0.4892503091465554,5.0,1.0,1.0,3.0,0.010435714285714286,0.007305000000000001,0.36697500000000005,Improving,True
2025-10-30,Avalanche,0.7825,0.7825,0.0,1.0,0.0,0.0,1.0,0.12222142857142858,0.07777727272727274,0.5135,Improving,True
2025-10-31,Avalanche,0.5198,0.5198,0.0,1.0,0.0,0.0,1.0,0.19647857142857145,0.1146125,-0.26269999999999993,Declining,True
2025-11-01,Avalanche,0.5198,0.5198,0.0,1.0,0.0,0.0,1.0,0.2707357142857143,0.14578076923076924,0.0,Stable,True
2025-11-02,Avalanche,0.5198,0.5198,0.0,1.0,0.0,0.0,1.0,0.34499285714285716,0.17249642857142858,0.0,Stable,False
2025-11-03,Avalanche,0.5198,0.5198,0.0,1.0,0.0,0.0,1.0,0.4332464285714286,0.19565000000000002,0.0,Stable,False
2025-11-04,Avalanche,0.5198,0.5198,0.0,1.0,0.0,0.0,1.0,0.5215,0.21590937500000001,0.0,Stable,False
2025-11-05,Avalanche,0.5198,0.5198,0.0,1.0,0.0,0.0,1.0,0.5573285714285715,0.23378529411764706,0.0,Stable,False
2025-11-06,Avalanche,0.5198,0.5198,0.0,1.0,0.0,0.0,1.0,0.5198,0.249675,0.0,Stable,False
2025-11-07,Avalanche,0.5198,0.5198,0.0,1.0,0.0,0.0,1.0,0.5198,0.26389210526315793,0.0,Stable,False
2025-11-08,Avalanche,0.5198,0.5198,0.0,1.0,0.0,0.0,1.0,0.5198,0.27668750000000003,0.0,Stable,False
2025-11-09,Avalanche,0.5198,0.5198,0.0,1.0,0.0,0.0,1.0,0.5198,0.28826428571428575,0.0,Stable,False
2025-11-10,Avalanche,0.5198,0.5198,0.0,1.0,0.0,0.0,1.0,0.5198,0.2987886363636364,0.0,Stable,False
2025-11-11,Avalanche,0.5198,0.5198,0.0,1.0,0.0,0.0,1.0,0.5198,0.30839782608695654,0.0,Stable,False
2025-11-12,Avalanche,0.5198,0.5198,0.0,1.0,0.0,0.0,1.0,0.5198,0.31720625,0.0,Stable,False
2025-11-13,Avalanche,0.5198,0.5198,0.0,1.0,0.0,0.0,1.0,0.5198,0.32531000000000004,0.0,Stable,False
2025-09-30,BNB,,,,,,,,,,,Stable,False
2025-10-01,BNB,,,,,,,,,,,Stable,False
2025-10-02,BNB,,,,,,,,,,,Stable,False
2025-10-03,BNB,0.21384999999999998,0.21384999999999998,0.2659428604042605,2.0,0.0,1.0,1.0,0.21384999999999998,0.21384999999999998,,Stable,False
2025-10-04,BNB,-0.8174,-0.8174,0.0,1.0,1.0,0.0,0.0,-0.301775,-0.301775,-1.03125,Declining,False
2025-10-05,BNB,-0.4939,-0.4939,0.0,1.0,1.0,0.0,0.0,-0.3658166666666667,-0.3658166666666667,0.3235,Improving,False
2025-10-06,BNB,-0.4939,-0.4939,0.0,1.0,1.0,0.0,0.0,-0.3978375,-0.3978375,0.0,Stable,False
2025-10-07,BNB,0.10099999999999998,0.1516,0.7807307602496522,3.0,1.0,0.0,2.0,-0.29807,-0.29807,0.5949,Improving,False
2025-10-08,BNB,0.26335,0.26335,0.37243314165095454,2.0,0.0,1.0,1.0,-0.20450000000000002,-0.20450000000000002,0.16235,Improving,False
2025-10-09,BNB,0.8181,0.8181,0.11172287142747457,2.0,0.0,0.0,2.0,-0.05841428571428572,-0.05841428571428572,0.5547500000000001,Improving,True
2025-10-10,BNB,-0.0650875,-0.0386,0.5308593987582776,8.0,4.0,2.0,2.0,-0.0982625,-0.05924843750000001,-0.8831875,Declining,False
2025-10-11,BNB,0.25956666666666667,0.0,0.44958265461796154,3.0,0.0,2.0,1.0,0.055589880952380946,-0.023824537037037043,0.3246541666666667,Improving,False
2025-10-12,BNB,0.11515000000000003,0.11515000000000003,1.125643284970865,2.0,1.0,0.0,1.0,0.1425970238095238,-0.009927083333333336,-0.14441666666666664,Declining,False
2025-10-13,BNB,0.12123333333333335,0.0,0.5131064249581497,3.0,1.0,1.0,1.0,0.23047321428571427,0.0019965909090909075,0.006083333333333316,Stable,False
2025-10-14,BNB,0.12123333333333335,0.0,0.5131064249581497,3.0,1.0,1.0,1.0,0.2333636904761905,0.011932986111111111,0.0,Stable,False
2025-10-15,BNB,0.12123333333333335,0.0,0.5131064249581497,3.0,1.0,1.0,1.0,0.21306130952380956,0.020340705128205128,0.0,Stable,False
2025-10-16,BNB,0.12123333333333335,0.0,0.5131064249581497,3.0,1.0,1.0,1.0,0.11350892857142858,0.02754732142857143,0.0,Stable,False
2025-10-17,BNB,-0.4517333333333333,-0.6776,0.3912125424028904,3.0,2.0,1.0,0.0,0.058273809523809526,-0.0044047222222222205,-0.5729666666666666,Declining,False
2025-10-18,BNB,-0.4517333333333333,-0.6776,0.3912125424028904,3.0,2.0,1.0,0.0,-0.04334047619047617,-0.032362760416666664,0.0,Stable,False
2025-10-19,BNB,-0.296,-0.296,0.0,1.0,1.0,0.0,0.0,-0.10207619047619046,-0.047870833333333335,0.15573333333333333,Improving,False
2025-10-20,BNB,-0.3412,-0.3412,0.0,1.0,1.0,0.0,0.0,-0.16813809523809523,-0.06416689814814815,-0.04520000000000002,Declining,False
2025-10-21,BNB,0.37505,0.37505,0.5304007965680293,2.0,0.0,1.0,1.0,-0.13187857142857143,-0.041050219298245615,0.71625,Improving,False
2025-10-22,BNB,0.37505,0.37505,0.5304007965680293,2.0,0.0,1.0,1.0,-0.09561904761904762,-0.02024520833333333,0.0,Stable,False
2025-10-23,BNB,0.32955,0.3983,0.3863631581815223,4.0,1.0,0.0,3.0,-0.06585952380952381,-0.0035882936507936483,-0.045499999999999985,Declining,False
2025-10-24,BNB,-0.06346666666666667,-0.0,0.34954835621603675,3.0,1.0,1.0,1.0,-0.01039285714285714,-0.006310037878787877,-0.3930166666666667,Declining,False
2025-10-25,BNB,0.330225,0.2294,0.4153390773412329,4.0,0.0,2.0,2.0,0.10131547619047619,0.008321920289855074,0.39369166666666666,Improving,False
2025-10-26,BNB,0.014333333333333345,0.0,0.33992671759267956,3.0,1.0,1.0,1.0,0.1456488095238095,0.008572395833333335,-0.3158916666666666,Declining,False
2025-10-27,BNB,0.13080000000000003,0.0,0.7764078116557046,3.0,1.0,1.0,1.0,0.21307738095238096,0.013461500000000001,0.11646666666666668,Improving,False
2025-10-28,BNB,0.20095,0.20095,0.28418621535887345,2.0,0.0,1.0,1.0,0.18820595238095236,0.02067259615384616,0.07014999999999996,Improving,False
2025-10-29,BNB,0.6597,0.6597,0.0,1.0,0.0,0.0,1.0,0.22887023809523807,0.04434027777777778,0.45875,Improving,False
2025-10-30,BNB,0.6597,0.6597,0.0,1.0,0.0,0.0,1.0,0.2760345238095238,0.06631741071428572,0.0,Stable,False
2025-10-31,BNB,0.0,0.0,0.0,1.0,0.0,1.0,0.0,0.2851011904761905,0.06403060344827587,-0.6597,Declining,False
2025-11-01,BNB,0.0,0.0,0.0,1.0,0.0,1.0,0.0,0.23792619047619049,0.06189625,0.0,Stable,False
2025-11-02,BNB,0.0,0.0,0.0,1.0,0.0,1.0,0.0,0.2358785714285714,0.05476791666666667,0.0,Stable,False
2025-11-03,BNB,0.0,0.0,0.0,1.0,0.0,1.0,0.0,0.2171928571428571,0.08201458333333335,0.0,Stable,False
2025-11-04,BNB,0.0,0.0,0.0,1.0,0.0,1.0,0.0,0.18848571428571428,0.09847791666666668,0.0,Stable,False
2025-11-05,BNB,0.0,0.0,0.0,1.0,0.0,1.0,0.0,0.09424285714285711,0.11494125000000001,0.0,Stable,False
2025-11-06,BNB,0.0,0.0,0.0,1.0,0.0,1.0,0.0,0.0,0.11157458333333334,0.0,Stable,False
2025-11-07,BNB,0.0,0.0,0.0,1.0,0.0,1.0,0.0,0.0,0.10279625,0.0,Stable,False
2025-11-08,BNB,0.0,0.0,0.0,1.0,0.0,1.0,0.0,0.0,0.07552625,0.0,Stable,False
2025-11-09,BNB,0.0,0.0,0.0,1.0,0.0,1.0,0.0,0.0,0.07769583333333334,0.0,Stable,False
2025-11-10,BNB,0.0,0.0,0.0,1.0,0.0,1.0,0.0,0.0,0.06904361111111111,0.0,Stable,False
2025-11-11,BNB,0.0,0.0,0.0,1.0,0.0,1.0,0.0,0.0,0.06520527777777778,0.0,Stable,False
2025-11-12,BNB,0.0,0.0,0.0,1.0,0.0,1.0,0.0,0.0,0.06116416666666667,0.0,Stable,False
2025-11-13,BNB,0.0,0.0,0.0,1.0,0.0,1.0,0.0,0.0,0.05712305555555555,0.0,Stable,False
2025-09-30,Bitcoin,0.08959285714285714,0.0,0.5223565299596956,28.0,12.0,6.0,10.0,0.08959285714285714,0.08959285714285714,,Stable,False
2025-10-01,Bitcoin,0.1274111111111111,0.0,0.41778183803501945,45.0,15.0,10.0,20.0,0.10850198412698413,0.10850198412698413,0.03781825396825397,Improving,False
2025-10-02,Bitcoin,0.13401052631578947,0.0,0.4330929538481691,57.0,13.0,17.0,27.0,0.11700483152325258,0.11700483152325258,0.006599415204678355,Stable,False
2025-10-03,Bitcoin,0.09280985915492956,0.0,0.34896413862210196,71.0,16.0,29.0,26.0,0.11095608843117183,0.11095608843117183,-0.041200667160859905,Declining,False
2025-10-04,Bitcoin,0.12454827586206896,0.2263,0.43134490725494645,29.0,8.0,6.0,15.0,0.11367452591735125,0.11367452591735125,0.031738416707139394,Improving,False
2025-10-05,Bitcoin,0.08958235294117646,0.0,0.47130937045888766,51.0,16.0,12.0,23.0,0.10965916375465545,0.10965916375465545,-0.0349659229208925,Declining,False
2025-10-06,Bitcoin,0.09724578313253013,0.0,0.48427554676590456,83.0,29.0,14.0,40.0,0.1078858236657804,0.1078858236657804,0.007663430191353668,Stable,False
2025-10-07,Bitcoin,0.15093225806451613,0.0,0.4306529156185004,93.0,19.0,34.0,40.0,0.1166485952260174,0.11326662796562237,0.053686474931986,Improving,False
2025-10-08,Bitcoin,0.2506780821917808,0.3182,0.4557167648778299,73.0,12.0,14.0,47.0,0.13425816252325593,0.12853456732408441,0.09974582412726465,Improving,False
2025-10-09,Bitcoin,0.13372553191489361,0.0,0.45724670463456324,47.0,14.0,13.0,20.0,0.13421744903741367,0.12905366378316535,-0.11695255027688717,Declining,False
2025-10-10,Bitcoin,0.08584698795180723,0.0,0.48242777023810984,83.0,31.0,13.0,39.0,0.13322275315125331,0.12512578416213277,-0.047878543963086384,Declining,False
2025-10-11,Bitcoin,0.016819200000000003,0.0,0.49584709787100384,125.0,47.0,25.0,53.0,0.11783288517095776,0.11610023548195504,-0.06902778795180722,Declining,False
2025-10-12,Bitcoin,-0.015327941176470588,0.0,0.42046770257551397,68.0,25.0,19.0,24.0,0.1028457002970082,0.10599037573899922,-0.03214714117647059,Declining,False
2025-10-13,Bitcoin,0.1301372549019608,0.0,0.40761748390410557,51.0,12.0,15.0,24.0,0.10754448197835542,0.10771515282206791,0.1454651960784314,Improving,False
2025-10-14,Bitcoin,0.15908103448275865,0.0182,0.4518482016709783,58.0,15.0,15.0,28.0,0.10870859289524722,0.11113954493278062,0.028943779580797857,Improving,False
2025-10-15,Bitcoin,0.09092608695652174,0.0,0.4369527838386521,46.0,13.0,12.0,21.0,0.0858868792902102,0.10987620380926445,-0.06815494752623691,Declining,False
2025-10-16,Bitcoin,0.2092313725490196,0.1548,0.45492147124100263,51.0,12.0,11.0,28.0,0.0966734279522282,0.11572062549983829,0.11830528559249787,Improving,False
2025-10-17,Bitcoin,0.05211929824561404,0.0,0.41877836702273535,114.0,38.0,28.0,48.0,0.09185518656562917,0.11218721843015916,-0.15711207430340557,Declining,False
2025-10-18,Bitcoin,0.14309428571428573,0.0526,0.39696720153850057,70.0,13.0,22.0,35.0,0.10989448452481285,0.11381390618195529,0.09097498746867169,Improving,False
2025-10-19,Bitcoin,0.0983093525179856,0.0,0.41630397406815617,139.0,36.0,43.0,60.0,0.12612838362402087,0.11303867849875682,-0.04478493319630013,Declining,False
2025-10-20,Bitcoin,0.16869172932330828,0.128,0.4397241554493262,133.0,34.0,26.0,73.0,0.13163616568421338,0.11568882377611639,0.07038237680532268,Improving,False
2025-10-21,Bitcoin,0.028875213675213677,0.0,0.45215958483283747,117.0,37.0,34.0,46.0,0.1130353341402784,0.11174275058971173,-0.1398165156480946,Declining,False
2025-10-22,Bitcoin,0.058530973451327434,0.0,0.46679375360760733,113.0,35.0,32.0,46.0,0.10840746078239348,0.1094291950619559,0.029655759776113757,Improving,False
2025-10-23,Bitcoin,0.10530628571428571,0.0,0.4713647496993314,175.0,51.0,44.0,80.0,0.09356101980600293,0.10925740717246964,0.04677531226295828,Improving,False
2025-10-24,Bitcoin,0.14402798507462686,0.01625,0.44446089509239944,268.0,61.0,78.0,129.0,0.10669083221014762,0.11064823028855592,0.038721699360341144,Improving,False
2025-10-25,Bitcoin,0.17721208333333335,0.08524999999999999,0.462908774528406,240.0,61.0,54.0,125.0,0.11156480329858298,0.11320837848258583,0.033184098258706496,Improving,False
2025-10-26,Bitcoin,0.13182365145228217,0.0021,0.45613205815853886,241.0,66.0,58.0,117.0,0.11635256028919679,0.11389783303701903,-0.04538843188105118,Declining,False
2025-10-27,Bitcoin,0.16661732851985558,0.128,0.4719984408627799,277.0,65.0,67.0,145.0,0.11605621731727497,0.11578067216140604,0.034793677067573414,Improving,False
2025-10-28,Bitcoin,0.16609201183431951,0.09925,0.4302574817003713,338.0,72.0,94.0,172.0,0.13565861705429008,0.11751554594323065,-0.0005253166855360702,Stable,False
2025-10-29,Bitcoin,0.12370255319148936,0.0516,0.4662749551923277,235.0,67.0,50.0,118.0,0.14496884273145608,0.1177217795181726,-0.042389458642830155,Declining,False
2025-10-30,Bitcoin,0.11726478260869565,0.0,0.4754137341551196,230.0,66.0,54.0,110.0,0.1466771994306575,0.11864417703370055,-0.0064377705827937115,Stable,False
2025-10-31,Bitcoin,0.15798018433179725,0.0516,0.4349467263291106,217.0,47.0,59.0,111.0,0.14867037075311043,0.11966314614105675,0.040715401723101605,Improving,False
2025-11-01,Bitcoin,0.18001221374045803,0.0772,0.46377661085133876,131.0,32.0,31.0,68.0,0.14907038938269965,0.12119653572187904,0.02203202940866078,Improving,False
2025-11-02,Bitcoin,-0.15733125,-0.12085,0.4440882445621966,16.0,9.0,3.0,4.0,0.1077625463180879,0.11285849875004807,-0.33734346374045804,Declining,True
2025-11-03,Bitcoin,0.22001176470588235,0.0,0.3443381148710395,17.0,3.0,6.0,8.0,0.11539032291609173,0.11604061504484184,0.3773430147058824,Improving,False
2025-11-04,Bitcoin,0.006913636363636364,0.0,0.5705193050408044,22.0,9.0,5.0,8.0,0.09265055499170842,0.11328499115892383,-0.21309812834224598,Declining,False
2025-11-05,Bitcoin,-0.07852272727272726,0.0,0.3916793172406638,22.0,9.0,9.0,4.0,0.06376122921110605,0.10742604081208192,-0.08543636363636362,Declining,False
2025-11-06,Bitcoin,-0.13546521739130435,-0.1027,0.42193375892075297,23.0,13.0,3.0,7.0,0.02765694349682034,0.0978794582968879,-0.05694249011857709,Declining,True
2025-11-07,Bitcoin,0.051550000000000006,0.0753,0.41514938355568676,16.0,5.0,3.0,8.0,0.012452631449420734,0.09124185555716188,0.18701521739130436,Improving,False
2025-11-08,Bitcoin,0.00645555555555556,0.0,0.3060374356612991,18.0,4.0,8.0,6.0,-0.012341176862708192,0.08699952301185061,-0.045094444444444444,Declining,False
2025-11-09,Bitcoin,0.080525,0.0,0.4765875463313973,12.0,5.0,3.0,4.0,0.02163828742300609,0.08682212341345702,0.07406944444444444,Improving,False
2025-11-10,Bitcoin,0.118895,0.0258,0.43262708808176276,20.0,5.0,5.0,10.0,0.007193035322165759,0.09022465008012369,0.03837,Improving,False
2025-11-11,Bitcoin,0.06419130434782608,0.0,0.3814521093651606,23.0,5.0,8.0,10.0,0.015375559319907148,0.09287529159760026,-0.05470369565217392,Declining,False
2025-11-12,Bitcoin,-0.03633076923076921,0.0,0.45582178239712534,13.0,6.0,3.0,4.0,0.021402981897329722,0.08732635745984259,-0.10052207357859529,Declining,False
2025-11-13,Bitcoin,-0.03633076923076921,0.0,0.45582178239712534,13.0,6.0,3.0,4.0,0.03556504592026331,0.08081263066939166,0.0,Stable,False
2025-09-30,Bitcoin Cash,-0.1531,-0.1531,0.0,1.0,1.0,0.0,0.0,-0.1531,-0.1531,,Stable,False
2025-10-01,Bitcoin Cash,-0.1531,-0.1531,0.0,1.0,1.0,0.0,0.0,-0.1531,-0.1531,0.0,Stable,False
2025-10-02,Bitcoin Cash,-0.1531,-0.1531,0.0,1.0,1.0,0.0,0.0,-0.1531,-0.1531,0.0,Stable,False
2025-10-03,Bitcoin Cash,-0.1531,-0.1531,0.0,1.0,1.0,0.0,0.0,-0.1531,-0.1531,0.0,Stable,False
2025-10-04,Bitcoin Cash,-0.1531,-0.1531,0.0,1.0,1.0,0.0,0.0,-0.1531,-0.1531,0.0,Stable,False
2025-10-05,Bitcoin Cash,-0.1531,-0.1531,0.0,1.0,1.0,0.0,0.0,-0.1531,-0.1531,0.0,Stable,False
2025-10-06,Bitcoin Cash,-0.1531,-0.1531,0.0,1.0,1.0,0.0,0.0,-0.1531,-0.1531,0.0,Stable,False
2025-10-07,Bitcoin Cash,-0.1531,-0.1531,0.0,1.0,1.0,0.0,0.0,-0.1531,-0.1531,0.0,Stable,False
2025-10-08,Bitcoin Cash,-0.1531,-0.1531,0.0,1.0,1.0,0.0,0.0,-0.1531,-0.1531,0.0,Stable,False
2025-10-09,Bitcoin Cash,-0.1531,-0.1531,0.0,1.0,1.0,0.0,0.0,-0.1531,-0.1531,0.0,Stable,False
2025-10-10,Bitcoin Cash,-0.1531,-0.1531,0.0,1.0,1.0,0.0,0.0,-0.1531,-0.1531,0.0,Stable,False
2025-10-11,Bitcoin Cash,0.1695,0.1695,0.0,1.0,0.0,0.0,1.0,-0.10701428571428573,-0.12621666666666667,0.3226,Improving,False
2025-10-12,Bitcoin Cash,0.1695,0.1695,0.0,1.0,0.0,0.0,1.0,-0.060928571428571436,-0.10346923076923079,0.0,Stable,False
2025-10-13,Bitcoin Cash,0.6486,0.6486,0.0,1.0,0.0,0.0,1.0,0.05359999999999999,-0.04975000000000001,0.47909999999999997,Improving,True
2025-10-14,Bitcoin Cash,0.384,0.384,0.0,1.0,0.0,0.0,1.0,0.13032857142857143,-0.02083333333333334,-0.26459999999999995,Declining,False
2025-10-15,Bitcoin Cash,0.384,0.384,0.0,1.0,0.0,0.0,1.0,0.20705714285714283,0.0044687499999999936,0.0,Stable,False
2025-10-16,Bitcoin Cash,0.384,0.384,0.0,1.0,0.0,0.0,1.0,0.28378571428571425,0.02679411764705882,0.0,Stable,False
2025-10-17,Bitcoin Cash,0.384,0.384,0.0,1.0,0.0,0.0,1.0,0.36051428571428573,0.04663888888888888,0.0,Stable,False
2025-10-18,Bitcoin Cash,0.384,0.384,0.0,1.0,0.0,0.0,1.0,0.39115714285714287,0.06439473684210527,0.0,Stable,False
2025-10-19,Bitcoin Cash,0.384,0.384,0.0,1.0,0.0,0.0,1.0,0.4218,0.080375,0.0,Stable,False
2025-10-20,Bitcoin Cash,0.384,0.384,0.0,1.0,0.0,0.0,1.0,0.384,0.09483333333333333,0.0,Stable,False
2025-10-21,Bitcoin Cash,0.0,0.0,0.0,1.0,0.0,1.0,0.0,0.3291428571428572,0.09052272727272727,-0.384,Declining,True
2025-10-22,Bitcoin Cash,0.0,0.0,0.0,1.0,0.0,1.0,0.0,0.2742857142857143,0.08658695652173912,0.0,Stable,False
2025-10-23,Bitcoin Cash,0.3612,0.3612,0.0,1.0,0.0,0.0,1.0,0.27102857142857145,0.09802916666666667,0.3612,Improving,False
2025-10-24,Bitcoin Cash,0.3612,0.3612,0.0,1.0,0.0,0.0,1.0,0.2677714285714286,0.10855599999999999,0.0,Stable,False
2025-10-25,Bitcoin Cash,0.3612,0.3612,0.0,1.0,0.0,0.0,1.0,0.26451428571428576,0.11827307692307693,0.0,Stable,False
2025-10-26,Bitcoin Cash,0.3612,0.3612,0.0,1.0,0.0,0.0,1.0,0.26125714285714285,0.12727037037037037,0.0,Stable,False
2025-10-27,Bitcoin Cash,-0.2437,-0.2437,0.34464384515032326,2.0,1.0,1.0,0.0,0.17158571428571429,0.11402142857142858,-0.6049,Declining,True
2025-10-28,Bitcoin Cash,0.6124,0.6124,0.0,1.0,0.0,0.0,1.0,0.25907142857142856,0.13120689655172416,0.8561000000000001,Improving,True
2025-10-29,Bitcoin Cash,0.6124,0.6124,0.0,1.0,0.0,0.0,1.0,0.3465571428571429,0.14724666666666666,0.0,Stable,False
2025-10-30,Bitcoin Cash,0.743,0.743,0.0,1.0,0.0,0.0,1.0,0.4011,0.17711666666666667,0.13059999999999994,Improving,True
2025-10-31,Bitcoin Cash,0.5106,0.5106,0.0,1.0,0.0,0.0,1.0,0.42244285714285723,0.19924,-0.23239999999999994,Declining,False
2025-11-01,Bitcoin Cash,0.5106,0.5106,0.0,1.0,0.0,0.0,1.0,0.4437857142857143,0.22136333333333333,0.0,Stable,False
2025-11-02,Bitcoin Cash,0.5106,0.5106,0.0,1.0,0.0,0.0,1.0,0.4651285714285715,0.24348666666666668,0.0,Stable,False
2025-11-03,Bitcoin Cash,0.5106,0.5106,0.0,1.0,0.0,0.0,1.0,0.5728857142857143,0.26561,0.0,Stable,False
2025-11-04,Bitcoin Cash,0.5106,0.5106,0.0,1.0,0.0,0.0,1.0,0.5583428571428571,0.2877333333333334,0.0,Stable,False
2025-11-05,Bitcoin Cash,0.5106,0.5106,0.0,1.0,0.0,0.0,1.0,0.5438,0.3098566666666667,0.0,Stable,False
2025-11-06,Bitcoin Cash,0.5106,0.5106,0.0,1.0,0.0,0.0,1.0,0.5106,0.33198000000000005,0.0,Stable,False
2025-11-07,Bitcoin Cash,0.5106,0.5106,0.0,1.0,0.0,0.0,1.0,0.5106,0.3541033333333334,0.0,Stable,False
2025-11-08,Bitcoin Cash,0.5106,0.5106,0.0,1.0,0.0,0.0,1.0,0.5106,0.37622666666666665,0.0,Stable,False
2025-11-09,Bitcoin Cash,0.5106,0.5106,0.0,1.0,0.0,0.0,1.0,0.5106,0.39835,0.0,Stable,False
2025-11-10,Bitcoin Cash,0.5106,0.5106,0.0,1.0,0.0,0.0,1.0,0.5106,0.40972000000000003,0.0,Stable,False
2025-11-11,Bitcoin Cash,0.5106,0.5106,0.0,1.0,0.0,0.0,1.0,0.5106,0.42109,0.0,Stable,False
2025-11-12,Bitcoin Cash,0.5106,0.5106,0.0,1.0,0.0,0.0,1.0,0.5106,0.41648999999999997,0.0,Stable,False
2025-11-13,Bitcoin Cash,0.5106,0.5106,0.0,1.0,0.0,0.0,1.0,0.5106,0.42071000000000003,0.0,Stable,False
2025-09-30,Bittensor,,,,,,,,,,,Stable,False
2025-10-01,Bittensor,,,,,,,,,,,Stable,False
2025-10-02,Bittensor,,,,,,,,,,,Stable,False
2025-10-03,Bittensor,,,,,,,,,,,Stable,False
2025-10-04,Bittensor,,,,,,,,,,,Stable,False
2025-10-05,Bittensor,,,,,,,,,,,Stable,False
2025-10-06,Bittensor,,,,,,,,,,,Stable,False
2025-10-07,Bittensor,,,,,,,,,,,Stable,False
2025-10-08,Bittensor,,,,,,,,,,,Stable,False
2025-10-09,Bittensor,,,,,,,,,,,Stable,False
2025-10-10,Bittensor,,,,,,,,,,,Stable,False
2025-10-11,Bittensor,-0.7927,-0.7927,0.0,1.0,1.0,0.0,0.0,-0.7927,-0.7927,,Stable,False
2025-10-12,Bittensor,-0.7927,-0.7927,0.0,1.0,1.0,0.0,0.0,-0.7927,-0.7927,0.0,Stable,False
2025-10-13,Bittensor,-0.7927,-0.7927,0.0,1.0,1.0,0.0,0.0,-0.7927,-0.7927,0.0,Stable,False
2025-10-14,Bittensor,-0.7927,-0.7927,0.0,1.0,1.0,0.0,0.0,-0.7927,-0.7927,0.0,Stable,False
2025-10-15,Bittensor,-0.7927,-0.7927,0.0,1.0,1.0,0.0,0.0,-0.7927,-0.7927,0.0,Stable,False
2025-10-16,Bittensor,-0.7927,-0.7927,0.0,1.0,1.0,0.0,0.0,-0.7927,-0.7927,0.0,Stable,False
2025-10-17,Bittensor,-0.7927,-0.7927,0.0,1.0,1.0,0.0,0.0,-0.7927,-0.7927,0.0,Stable,False
2025-10-18,Bittensor,-0.7927,-0.7927,0.0,1.0,1.0,0.0,0.0,-0.7927,-0.7927,0.0,Stable,False
2025-10-19,Bittensor,-0.7927,-0.7927,0.0,1.0,1.0,0.0,0.0,-0.7927,-0.7927,0.0,Stable,False
2025-10-20,Bittensor,-0.7927,-0.7927,0.0,1.0,1.0,0.0,0.0,-0.7927,-0.7927,0.0,Stable,False
2025-10-21,Bittensor,-0.7927,-0.7927,0.0,1.0,1.0,0.0,0.0,-0.7927,-0.7927,0.0,Stable,False
2025-10-22,Bittensor,-0.7927,-0.7927,0.0,1.0,1.0,0.0,0.0,-0.7927,-0.7927,0.0,Stable,False
2025-10-23,Bittensor,-0.7927,-0.7927,0.0,1.0,1.0,0.0,0.0,-0.7927,-0.7927,0.0,Stable,False
2025-10-24,Bittensor,-0.7927,-0.7927,0.0,1.0,1.0,0.0,0.0,-0.7927,-0.7927,0.0,Stable,False
2025-10-25,Bittensor,-0.7927,-0.7927,0.0,1.0,1.0,0.0,0.0,-0.7927,-0.7927,0.0,Stable,False
2025-10-26,Bittensor,-0.7927,-0.7927,0.0,1.0,1.0,0.0,0.0,-0.7927,-0.7927,0.0,Stable,False
2025-10-27,Bittensor,-0.7927,-0.7927,0.0,1.0,1.0,0.0,0.0,-0.7927,-0.7927,0.0,Stable,False
2025-10-28,Bittensor,-0.7927,-0.7927,0.0,1.0,1.0,0.0,0.0,-0.7927,-0.7927,0.0,Stable,False
2025-10-29,Bittensor,-0.7927,-0.7927,0.0,1.0,1.0,0.0,0.0,-0.7927,-0.7927,0.0,Stable,False
2025-10-30,Bittensor,0.0,0.0,0.0,1.0,0.0,1.0,0.0,-0.6794571428571429,-0.753065,0.7927,Improving,True
2025-10-31,Bittensor,0.0,0.0,0.0,1.0,0.0,1.0,0.0,-0.5662142857142857,-0.7172047619047619,0.0,Stable,True
2025-11-01,Bittensor,-0.5423,-0.5423,0.0,1.0,1.0,0.0,0.0,-0.5304428571428571,-0.7092545454545455,-0.5423,Declining,False
2025-11-02,Bittensor,-0.5423,-0.5423,0.0,1.0,1.0,0.0,0.0,-0.49467142857142854,-0.7019956521739129,0.0,Stable,False
2025-11-03,Bittensor,-0.5423,-0.5423,0.0,1.0,1.0,0.0,0.0,-0.4589,-0.6953416666666666,0.0,Stable,False
2025-11-04,Bittensor,-0.5423,-0.5423,0.0,1.0,1.0,0.0,0.0,-0.4231285714285714,-0.6892199999999999,0.0,Stable,False
2025-11-05,Bittensor,-0.5423,-0.5423,0.0,1.0,1.0,0.0,0.0,-0.38735714285714284,-0.6835692307692308,0.0,Stable,True
2025-11-06,Bittensor,-0.5423,-0.5423,0.0,1.0,1.0,0.0,0.0,-0.4648285714285714,-0.6783370370370371,0.0,Stable,False
2025-11-07,Bittensor,-0.5423,-0.5423,0.0,1.0,1.0,0.0,0.0,-0.5423,-0.6734785714285714,0.0,Stable,False
2025-11-08,Bittensor,-0.5423,-0.5423,0.0,1.0,1.0,0.0,0.0,-0.5423,-0.6689551724137931,0.0,Stable,False
2025-11-09,Bittensor,-0.5423,-0.5423,0.0,1.0,1.0,0.0,0.0,-0.5423,-0.6647333333333333,0.0,Stable,False
2025-11-10,Bittensor,-0.5423,-0.5423,0.0,1.0,1.0,0.0,0.0,-0.5423,-0.6563866666666667,0.0,Stable,False
2025-11-11,Bittensor,-0.5423,-0.5423,0.0,1.0,1.0,0.0,0.0,-0.5423,-0.64804,0.0,Stable,False
2025-11-12,Bittensor,-0.5423,-0.5423,0.0,1.0,1.0,0.0,0.0,-0.5423,-0.6396933333333333,0.0,Stable,False
2025-11-13,Bittensor,-0.5423,-0.5423,0.0,1.0,1.0,0.0,0.0,-0.5423,-0.6313466666666667,0.0,Stable,False
2025-09-30,Canton,,,,,,,,,,,Stable,False
2025-10-01,Canton,,,,,,,,,,,Stable,False
2025-10-02,Canton,,,,,,,,,,,Stable,False
2025-10-03,Canton,,,,,,,,,,,Stable,False
2025-10-04,Canton,,,,,,,,,,,Stable,False
2025-10-05,Canton,,,,,,,,,,,Stable,False
2025-10-06,Canton,,,,,,,,,,,Stable,False
2025-10-07,Canton,,,,,,,,,,,Stable,False
2025-10-08,Canton,,,,,,,,,,,Stable,False
2025-10-09,Canton,,,,,,,,,,,Stable,False
2025-10-10,Canton,,,,,,,,,,,Stable,False
2025-10-11,Canton,,,,,,,,,,,Stable,False
2025-10-12,Canton,-0.3106,-0.3106,0.0,1.0,1.0,0.0,0.0,-0.3106,-0.3106,,Stable,False
2025-10-13,Canton,-0.3106,-0.3106,0.0,1.0,1.0,0.0,0.0,-0.3106,-0.3106,0.0,Stable,False
2025-10-14,Canton,-0.3106,-0.3106,0.0,1.0,1.0,0.0,0.0,-0.3106,-0.3106,0.0,Stable,False
2025-10-15,Canton,-0.3106,-0.3106,0.0,1.0,1.0,0.0,0.0,-0.3106,-0.3106,0.0,Stable,False
2025-10-16,Canton,-0.3106,-0.3106,0.0,1.0,1.0,0.0,0.0,-0.3106,-0.3106,0.0,Stable,False
2025-10-17,Canton,0.1779,0.1779,0.0,1.0,0.0,0.0,1.0,-0.22918333333333332,-0.22918333333333332,0.4885,Improving,False
2025-10-18,Canton,0.1779,0.1779,0.0,1.0,0.0,0.0,1.0,-0.17102857142857145,-0.17102857142857145,0.0,Stable,False
2025-10-19,Canton,0.1779,0.1779,0.0,1.0,0.0,0.0,1.0,-0.10124285714285712,-0.12741249999999998,0.0,Stable,False
2025-10-20,Canton,0.1779,0.1779,0.0,1.0,0.0,0.0,1.0,-0.03145714285714285,-0.09348888888888889,0.0,Stable,False
2025-10-21,Canton,-0.9062,-0.9062,0.0,1.0,1.0,0.0,0.0,-0.11654285714285714,-0.17475999999999997,-1.0841,Declining,False
2025-10-22,Canton,-0.9062,-0.9062,0.0,1.0,1.0,0.0,0.0,-0.20162857142857143,-0.24125454545454544,0.0,Stable,False
2025-10-23,Canton,-0.9062,-0.9062,0.0,1.0,1.0,0.0,0.0,-0.28671428571428575,-0.2966666666666667,0.0,Stable,False
2025-10-24,Canton,-0.9062,-0.9062,0.0,1.0,1.0,0.0,0.0,-0.4415857142857143,-0.34355384615384615,0.0,Stable,False
2025-10-25,Canton,-0.9062,-0.9062,0.0,1.0,1.0,0.0,0.0,-0.5964571428571429,-0.3837428571428571,0.0,Stable,False
2025-10-26,Canton,-0.9062,-0.9062,0.0,1.0,1.0,0.0,0.0,-0.7513285714285713,-0.41857333333333335,0.0,Stable,False
2025-10-27,Canton,0.4423,0.4423,0.516329371622417,2.0,0.0,0.0,2.0,-0.7135571428571429,-0.36476875,1.3485,Improving,True
2025-10-28,Canton,0.4423,0.4423,0.516329371622417,2.0,0.0,0.0,2.0,-0.5209142857142857,-0.31729411764705884,0.0,Stable,True
2025-10-29,Canton,-0.7514,-0.7514,0.0,1.0,1.0,0.0,0.0,-0.4988,-0.3414111111111111,-1.1937,Declining,False
2025-10-30,Canton,-0.7514,-0.7514,0.0,1.0,1.0,0.0,0.0,-0.47668571428571427,-0.36298947368421053,0.0,Stable,False
2025-10-31,Canton,-0.7514,-0.7514,0.0,1.0,1.0,0.0,0.0,-0.45457142857142857,-0.38241,0.0,Stable,False
2025-11-01,Canton,0.4019,0.4019,0.0,1.0,0.0,0.0,1.0,-0.2677,-0.34506190476190474,1.1533,Improving,False
2025-11-02,Canton,0.4019,0.4019,0.0,1.0,0.0,0.0,1.0,-0.0808285714285714,-0.31110909090909095,0.0,Stable,False
2025-11-03,Canton,0.4019,0.4019,0.0,1.0,0.0,0.0,1.0,-0.08659999999999998,-0.2801086956521739,0.0,Stable,False
2025-11-04,Canton,0.4019,0.4019,0.0,1.0,0.0,0.0,1.0,-0.09237142857142856,-0.25169166666666665,0.0,Stable,False
2025-11-05,Canton,0.4019,0.4019,0.0,1.0,0.0,0.0,1.0,0.07238571428571428,-0.225548,0.0,Stable,False
2025-11-06,Canton,0.4019,0.4019,0.0,1.0,0.0,0.0,1.0,0.2371428571428571,-0.2014153846153846,0.0,Stable,False
2025-11-07,Canton,0.4019,0.4019,0.0,1.0,0.0,0.0,1.0,0.4019,-0.17907037037037038,0.0,Stable,False
2025-11-08,Canton,0.4019,0.4019,0.0,1.0,0.0,0.0,1.0,0.4019,-0.15832142857142856,0.0,Stable,False
2025-11-09,Canton,0.4019,0.4019,0.0,1.0,0.0,0.0,1.0,0.4019,-0.13900344827586208,0.0,Stable,False
2025-11-10,Canton,0.4019,0.4019,0.0,1.0,0.0,0.0,1.0,0.4019,-0.12097333333333334,0.0,Stable,False
2025-11-11,Canton,0.4019,0.4019,0.0,1.0,0.0,0.0,1.0,0.4019,-0.09722333333333334,0.0,Stable,False
2025-11-12,Canton,0.4019,0.4019,0.0,1.0,0.0,0.0,1.0,0.4019,-0.07347333333333333,0.0,Stable,False
2025-11-13,Canton,0.4019,0.4019,0.0,1.0,0.0,0.0,1.0,0.4019,-0.049723333333333335,0.0,Stable,False
2025-09-30,Cardano,,,,,,,,,,,Stable,False
2025-10-01,Cardano,,,,,,,,,,,Stable,False
2025-10-02,Cardano,,,,,,,,,,,Stable,False
2025-10-03,Cardano,,,,,,,,,,,Stable,False
2025-10-04,Cardano,,,,,,,,,,,Stable,False
2025-10-05,Cardano,,,,,,,,,,,Stable,False
2025-10-06,Cardano,,,,,,,,,,,Stable,False
2025-10-07,Cardano,,,,,,,,,,,Stable,False
2025-10-08,Cardano,,,,,,,,,,,Stable,False
2025-10-09,Cardano,0.7391,0.7391,0.0,1.0,0.0,0.0,1.0,0.7391,0.7391,,Stable,False
2025-10-10,Cardano,-0.53805,-0.53805,0.0867620020515894,2.0,2.0,0.0,0.0,0.10052499999999998,0.10052499999999998,-1.27715,Declining,True
2025-10-11,Cardano,-0.53805,-0.53805,0.0867620020515894,2.0,2.0,0.0,0.0,-0.11233333333333335,-0.11233333333333335,0.0,Stable,False
2025-10-12,Cardano,-0.53805,-0.53805,0.0867620020515894,2.0,2.0,0.0,0.0,-0.21876250000000003,-0.21876250000000003,0.0,Stable,False
2025-10-13,Cardano,-0.53805,-0.53805,0.0867620020515894,2.0,2.0,0.0,0.0,-0.28262,-0.28262,0.0,Stable,False
2025-10-14,Cardano,-0.53805,-0.53805,0.0867620020515894,2.0,2.0,0.0,0.0,-0.3251916666666667,-0.3251916666666667,0.0,Stable,False
2025-10-15,Cardano,-0.53805,-0.53805,0.0867620020515894,2.0,2.0,0.0,0.0,-0.3556,-0.3556,0.0,Stable,False
2025-10-16,Cardano,-0.53805,-0.53805,0.0867620020515894,2.0,2.0,0.0,0.0,-0.53805,-0.37840625000000006,0.0,Stable,False
2025-10-17,Cardano,-0.4215,-0.4215,0.0,1.0,1.0,0.0,0.0,-0.5214,-0.3831944444444445,0.11655000000000004,Improving,False
2025-10-18,Cardano,-0.4215,-0.4215,0.0,1.0,1.0,0.0,0.0,-0.5047499999999999,-0.38702500000000006,0.0,Stable,False
2025-10-19,Cardano,-0.14305,-0.14305,0.47354941136063083,2.0,1.0,0.0,1.0,-0.44832142857142854,-0.36484545454545453,0.27845,Improving,False
2025-10-20,Cardano,0.34125,0.34125,0.6436793029141142,2.0,1.0,0.0,1.0,-0.32270714285714286,-0.3060041666666667,0.4843,Improving,True
2025-10-21,Cardano,0.34125,0.34125,0.6436793029141142,2.0,1.0,0.0,1.0,-0.19709285714285715,-0.2562153846153846,0.0,Stable,False
2025-10-22,Cardano,0.13725,0.38634999999999997,0.7525906567760902,4.0,1.0,0.0,3.0,-0.10062142857142857,-0.2281107142857143,-0.204,Declining,False
2025-10-23,Cardano,0.20095,0.20095,0.28418621535887345,2.0,0.0,1.0,1.0,0.004950000000000002,-0.1995066666666667,0.06369999999999998,Improving,False
2025-10-24,Cardano,0.20095,0.20095,0.28418621535887345,2.0,0.0,1.0,1.0,0.09387142857142858,-0.174478125,0.0,Stable,False
2025-10-25,Cardano,-0.053899999999999997,0.0,0.4688086763275611,21.0,8.0,5.0,8.0,0.14638571428571429,-0.16738529411764708,-0.25484999999999997,Declining,False
2025-10-26,Cardano,0.05039999999999999,0.0577,0.3911802806890961,6.0,1.0,2.0,3.0,0.17402142857142855,-0.15528611111111112,0.10429999999999999,Improving,False
2025-10-27,Cardano,0.24089999999999998,0.24089999999999998,0.9797671560120803,2.0,1.0,0.0,1.0,0.15968571428571426,-0.1344342105263158,0.19049999999999997,Improving,False
2025-10-28,Cardano,0.24089999999999998,0.24089999999999998,0.9797671560120803,2.0,1.0,0.0,1.0,0.14535,-0.1156675,0.0,Stable,False
2025-10-29,Cardano,0.5500499999999999,0.5500499999999999,0.1550685171142098,2.0,0.0,0.0,2.0,0.20432142857142857,-0.08396666666666668,0.3091499999999999,Improving,False
2025-10-30,Cardano,0.11232499999999998,0.2567,0.6563398681323572,4.0,1.0,0.0,3.0,0.19166071428571427,-0.0750443181818182,-0.4377249999999999,Declining,False
2025-10-31,Cardano,0.23653333333333335,0.0,0.4096877510169584,3.0,0.0,2.0,1.0,0.19674404761904762,-0.061497463768115955,0.12420833333333337,Improving,False
2025-11-01,Cardano,0.009412500000000018,0.0129,0.499060819189405,8.0,3.0,2.0,3.0,0.20578869047619047,-0.05854288194444446,-0.22712083333333333,Declining,False
2025-11-02,Cardano,0.009412500000000018,0.0129,0.499060819189405,8.0,3.0,2.0,3.0,0.19993333333333332,-0.055824666666666675,0.0,Stable,False
2025-11-03,Cardano,0.009412500000000018,0.0129,0.499060819189405,8.0,3.0,2.0,3.0,0.16686369047619046,-0.05331554487179488,0.0,Stable,False
2025-11-04,Cardano,0.009412500000000018,0.0129,0.499060819189405,8.0,3.0,2.0,3.0,0.13379404761904762,-0.05099228395061729,0.0,Stable,False
2025-11-05,Cardano,0.009412500000000018,0.0129,0.499060819189405,8.0,3.0,2.0,3.0,0.056560119047619054,-0.04883497023809524,0.0,Stable,False
2025-11-06,Cardano,0.009412500000000018,0.0129,0.499060819189405,8.0,3.0,2.0,3.0,0.041858333333333345,-0.04682643678160921,0.0,Stable,False
2025-11-07,Cardano,0.009412500000000018,0.0129,0.499060819189405,8.0,3.0,2.0,3.0,0.009412500000000018,-0.044951805555555564,0.0,Stable,False
2025-11-08,Cardano,0.009412500000000018,0.0129,0.499060819189405,8.0,3.0,2.0,3.0,0.009412500000000018,-0.06927472222222222,0.0,Stable,False
2025-11-09,Cardano,0.009412500000000018,0.0129,0.499060819189405,8.0,3.0,2.0,3.0,0.009412500000000018,-0.05102597222222223,0.0,Stable,False
2025-11-10,Cardano,0.009412500000000018,0.0129,0.499060819189405,8.0,3.0,2.0,3.0,0.009412500000000018,-0.03277722222222222,0.0,Stable,False
2025-11-11,Cardano,-0.4767,-0.4767,0.0,1.0,1.0,0.0,0.0,-0.060032142857142846,-0.030732222222222223,-0.48611250000000006,Declining,False
2025-11-12,Cardano,-0.4767,-0.4767,0.0,1.0,1.0,0.0,0.0,-0.1294767857142857,-0.02868722222222222,0.0,Stable,False
2025-11-13,Cardano,-0.4767,-0.4767,0.0,1.0,1.0,0.0,0.0,-0.19892142857142855,-0.026642222222222223,0.0,Stable,False
2025-09-30,Chainlink,,,,,,,,,,,Stable,False
2025-10-01,Chainlink,-0.022933333333333333,0.0,0.039721698520246256,3.0,1.0,2.0,0.0,-0.022933333333333333,-0.022933333333333333,,Stable,False
2025-10-02,Chainlink,0.460625,0.5354,0.3562849643660722,4.0,0.0,1.0,3.0,0.21884583333333335,0.21884583333333335,0.4835583333333333,Improving,False
2025-10-03,Chainlink,0.226325,0.31845,0.5468391559681878,4.0,1.0,1.0,2.0,0.2213388888888889,0.2213388888888889,-0.2343,Declining,False
2025-10-04,Chainlink,0.7506,0.7506,0.0,1.0,0.0,0.0,1.0,0.35365416666666666,0.35365416666666666,0.524275,Improving,False
2025-10-05,Chainlink,0.29705,0.29705,0.42009213870292783,2.0,0.0,1.0,1.0,0.3423333333333333,0.3423333333333333,-0.45355000000000006,Declining,False
2025-10-06,Chainlink,0.29705,0.29705,0.42009213870292783,2.0,0.0,1.0,1.0,0.33478611111111106,0.33478611111111106,0.0,Stable,False
2025-10-07,Chainlink,0.07335000000000001,0.08625,0.5232679380585056,6.0,2.0,1.0,3.0,0.2974380952380952,0.2974380952380952,-0.22369999999999995,Declining,False
2025-10-08,Chainlink,0.07335000000000001,0.08625,0.5232679380585056,6.0,2.0,1.0,3.0,0.31119285714285716,0.2694270833333333,0.0,Stable,False
2025-10-09,Chainlink,0.7003,0.7003,0.0,1.0,0.0,0.0,1.0,0.34543214285714285,0.3173018518518519,0.62695,Improving,False
2025-10-10,Chainlink,0.15035,0.17,0.3757172119205259,4.0,1.0,1.0,2.0,0.33457857142857145,0.3006066666666667,-0.54995,Declining,False
2025-10-11,Chainlink,0.4911,0.4911,0.3409668898881532,2.0,0.0,0.0,2.0,0.29750714285714286,0.31792424242424244,0.34075,Improving,False
2025-10-12,Chainlink,0.7088,0.7088,0.0,2.0,0.0,0.0,2.0,0.35632857142857144,0.35049722222222224,0.2177,Improving,False
2025-10-13,Chainlink,0.7088,0.7088,0.0,2.0,0.0,0.0,2.0,0.41515,0.3780589743589744,0.0,Stable,False
2025-10-14,Chainlink,0.32365,0.32365,0.4577102194620522,2.0,0.0,1.0,1.0,0.45090714285714284,0.37417261904761906,-0.38515,Declining,False
2025-10-15,Chainlink,0.5994,0.5994,0.0,1.0,0.0,0.0,1.0,0.5260571428571429,0.3891877777777778,0.27575000000000005,Improving,False
2025-10-16,Chainlink,0.0,0.0,0.0,1.0,0.0,1.0,0.0,0.42601428571428573,0.3648635416666667,-0.5994,Declining,False
2025-10-17,Chainlink,0.3182,0.3182,0.0,1.0,0.0,0.0,1.0,0.44999285714285714,0.3621186274509804,0.3182,Improving,False
2025-10-18,Chainlink,0.3182,0.3182,0.0,1.0,0.0,0.0,1.0,0.4252928571428572,0.3596787037037037,0.0,Stable,False
2025-10-19,Chainlink,0.3182,0.3182,0.0,1.0,0.0,0.0,1.0,0.3694928571428572,0.3574956140350877,0.0,Stable,False
2025-10-20,Chainlink,0.40625,0.40625,0.5745242597140698,2.0,0.0,1.0,1.0,0.3262714285714286,0.3599333333333333,0.08805000000000002,Improving,False
2025-10-21,Chainlink,0.5048666666666667,0.5420499999999999,0.26157524092823975,6.0,0.0,1.0,5.0,0.3521595238095238,0.3668349206349206,0.09861666666666669,Improving,False
2025-10-22,Chainlink,0.7717,0.7717,0.0,1.0,0.0,0.0,1.0,0.3767738095238095,0.3852378787878788,0.26683333333333337,Improving,False
2025-10-23,Chainlink,0.045924999999999994,-0.01985,0.49367677262894727,4.0,1.0,2.0,1.0,0.38333452380952376,0.37048514492753626,-0.7257750000000001,Declining,False
2025-10-24,Chainlink,0.33304285714285714,0.4019,0.32705992752166413,7.0,0.0,3.0,4.0,0.38545493197278907,0.3689250496031746,0.28711785714285715,Improving,False
2025-10-25,Chainlink,-0.04954999999999998,-0.04954999999999998,0.5509068932224392,2.0,1.0,0.0,1.0,0.3329192176870749,0.35218604761904765,-0.3825928571428571,Declining,False
2025-10-26,Chainlink,-0.31174999999999997,-0.31174999999999997,0.3679076582513606,2.0,2.0,0.0,0.0,0.24292636054421773,0.3266500457875458,-0.2622,Declining,False
2025-10-27,Chainlink,0.005175000000000013,-0.148,0.5049654534388136,4.0,2.0,1.0,1.0,0.18562993197278913,0.3147435626102293,0.316925,Improving,False
2025-10-28,Chainlink,-0.10824999999999997,-0.03325,0.3843342334479196,6.0,3.0,1.0,2.0,0.0980418367346939,0.299636649659864,-0.11342499999999998,Declining,False
2025-10-29,Chainlink,0.12269999999999999,0.2023,0.5809047770504217,3.0,1.0,0.0,2.0,0.005327551020408173,0.2935353858784893,0.23094999999999996,Improving,False
2025-10-30,Chainlink,0.014200000000000018,0.10115,0.65124103576684,4.0,1.0,1.0,2.0,0.0007954081632653194,0.28422420634920637,-0.10849999999999997,Declining,False
2025-10-31,Chainlink,0.5609333333333333,0.7994,0.48759476343920405,3.0,0.0,1.0,2.0,0.033351190476190486,0.3036864285714286,0.5467333333333333,Improving,False
2025-11-01,Chainlink,0.6956,0.6956,0.0,1.0,0.0,0.0,1.0,0.13980119047619047,0.31151892857142854,0.1346666666666667,Improving,False
2025-11-02,Chainlink,0.6956,0.6956,0.0,1.0,0.0,0.0,1.0,0.28370833333333334,0.32716142857142855,0.0,Stable,False
2025-11-03,Chainlink,0.6956,0.6956,0.0,1.0,0.0,0.0,1.0,0.3823404761904762,0.32532809523809525,0.0,Stable,False
2025-11-04,Chainlink,0.7833,0.7833,0.0,1.0,0.0,0.0,1.0,0.5097047619047619,0.3415364285714286,0.0877,Improving,False
2025-11-05,Chainlink,0.7833,0.7833,0.0,1.0,0.0,0.0,1.0,0.6040761904761904,0.3577447619047619,0.0,Stable,False
2025-11-06,Chainlink,0.6705,0.6705,0.0,1.0,0.0,0.0,1.0,0.6978333333333334,0.37764976190476196,-0.11280000000000001,Declining,False
2025-11-07,Chainlink,0.6705,0.6705,0.0,1.0,0.0,0.0,1.0,0.7134857142857143,0.39755476190476186,0.0,Stable,False
2025-11-08,Chainlink,0.6705,0.6705,0.0,1.0,0.0,0.0,1.0,0.7099,0.39656142857142856,0.0,Stable,False
2025-11-09,Chainlink,-0.296,-0.296,0.0,1.0,1.0,0.0,0.0,0.5682428571428572,0.38168309523809524,-0.9664999999999999,Declining,True
2025-11-10,Chainlink,-0.296,-0.296,0.0,1.0,1.0,0.0,0.0,0.4265857142857143,0.35544642857142855,0.0,Stable,False
2025-11-11,Chainlink,-0.296,-0.296,0.0,1.0,1.0,0.0,0.0,0.2724,0.32195309523809523,0.0,Stable,False
2025-11-12,Chainlink,-0.296,-0.296,0.0,1.0,1.0,0.0,0.0,0.11821428571428572,0.2884597619047619,0.0,Stable,False
2025-11-13,Chainlink,-0.296,-0.296,0.0,1.0,1.0,0.0,0.0,-0.01985714285714285,0.2678047619047618,0.0,Stable,False
2025-09-30,Cronos,-0.21705,-0.21705,0.3069550537130803,2.0,1.0,1.0,0.0,-0.21705,-0.21705,,Stable,False
2025-10-01,Cronos,0.21075,0.21075,0.29804550827012977,2.0,0.0,1.0,1.0,-0.00315,-0.00315,0.42779999999999996,Improving,True
2025-10-02,Cronos,0.21075,0.21075,0.29804550827012977,2.0,0.0,1.0,1.0,0.06815,0.06815,0.0,Stable,False
2025-10-03,Cronos,0.21075,0.21075,0.29804550827012977,2.0,0.0,1.0,1.0,0.1038,0.1038,0.0,Stable,False
2025-10-04,Cronos,0.21075,0.21075,0.29804550827012977,2.0,0.0,1.0,1.0,0.12519,0.12519,0.0,Stable,False
2025-10-05,Cronos,0.21075,0.21075,0.29804550827012977,2.0,0.0,1.0,1.0,0.13945,0.13945,0.0,Stable,False
2025-10-06,Cronos,0.21075,0.21075,0.29804550827012977,2.0,0.0,1.0,1.0,0.1496357142857143,0.1496357142857143,0.0,Stable,False
2025-10-07,Cronos,0.21075,0.21075,0.29804550827012977,2.0,0.0,1.0,1.0,0.21075,0.157275,0.0,Stable,False
2025-10-08,Cronos,0.21075,0.21075,0.29804550827012977,2.0,0.0,1.0,1.0,0.21075,0.16321666666666668,0.0,Stable,False
2025-10-09,Cronos,0.21075,0.21075,0.29804550827012977,2.0,0.0,1.0,1.0,0.21075,0.16797,0.0,Stable,False
2025-10-10,Cronos,0.21075,0.21075,0.29804550827012977,2.0,0.0,1.0,1.0,0.21075,0.1718590909090909,0.0,Stable,False
2025-10-11,Cronos,0.21075,0.21075,0.29804550827012977,2.0,0.0,1.0,1.0,0.21075,0.1751,0.0,Stable,False
2025-10-12,Cronos,0.21075,0.21075,0.29804550827012977,2.0,0.0,1.0,1.0,0.21075,0.1778423076923077,0.0,Stable,False
2025-10-13,Cronos,0.21075,0.21075,0.29804550827012977,2.0,0.0,1.0,1.0,0.21075,0.18019285714285713,0.0,Stable,False
2025-10-14,Cronos,0.21075,0.21075,0.29804550827012977,2.0,0.0,1.0,1.0,0.21075,0.18223,0.0,Stable,False
2025-10-15,Cronos,0.21075,0.21075,0.29804550827012977,2.0,0.0,1.0,1.0,0.21075,0.1840125,0.0,Stable,False
2025-10-16,Cronos,0.21075,0.21075,0.29804550827012977,2.0,0.0,1.0,1.0,0.21075,0.18558529411764704,0.0,Stable,False
2025-10-17,Cronos,0.21075,0.21075,0.29804550827012977,2.0,0.0,1.0,1.0,0.21075,0.18698333333333333,0.0,Stable,False
2025-10-18,Cronos,0.21075,0.21075,0.29804550827012977,2.0,0.0,1.0,1.0,0.21075,0.18823421052631578,0.0,Stable,False
2025-10-19,Cronos,0.21075,0.21075,0.29804550827012977,2.0,0.0,1.0,1.0,0.21075,0.18936,0.0,Stable,False
2025-10-20,Cronos,0.21075,0.21075,0.29804550827012977,2.0,0.0,1.0,1.0,0.21075,0.19037857142857142,0.0,Stable,False
2025-10-21,Cronos,0.21075,0.21075,0.29804550827012977,2.0,0.0,1.0,1.0,0.21075,0.19130454545454542,0.0,Stable,False
2025-10-22,Cronos,0.21075,0.21075,0.29804550827012977,2.0,0.0,1.0,1.0,0.21075,0.19215,0.0,Stable,False
2025-10-23,Cronos,0.0,0.0,0.0,2.0,0.0,2.0,0.0,0.18064285714285713,0.18414374999999997,-0.21075,Declining,False
2025-10-24,Cronos,0.0,0.0,0.0,2.0,0.0,2.0,0.0,0.15053571428571427,0.176778,0.0,Stable,False
2025-10-25,Cronos,0.0,0.0,0.0,2.0,0.0,2.0,0.0,0.12042857142857143,0.16997884615384612,0.0,Stable,False
2025-10-26,Cronos,0.0,0.0,0.0,2.0,0.0,2.0,0.0,0.09032142857142857,0.16368333333333332,0.0,Stable,False
2025-10-27,Cronos,0.0,0.0,0.0,2.0,0.0,2.0,0.0,0.06021428571428571,0.1578375,0.0,Stable,False
2025-10-28,Cronos,0.0,0.0,0.0,2.0,0.0,2.0,0.0,0.030107142857142857,0.15239482758620687,0.0,Stable,False
2025-10-29,Cronos,0.6597,0.6597,0.0,1.0,0.0,0.0,1.0,0.09424285714285714,0.169305,0.6597,Improving,True
2025-10-30,Cronos,0.6597,0.6597,0.0,1.0,0.0,0.0,1.0,0.18848571428571428,0.19852999999999998,0.0,Stable,True
2025-10-31,Cronos,0.5228,0.5228,0.0,1.0,0.0,0.0,1.0,0.26317142857142856,0.20893166666666665,-0.1368999999999999,Declining,True
2025-11-01,Cronos,0.5228,0.5228,0.0,1.0,0.0,0.0,1.0,0.3378571428571429,0.21933333333333332,0.0,Stable,False
2025-11-02,Cronos,0.5228,0.5228,0.0,1.0,0.0,0.0,1.0,0.41254285714285716,0.229735,0.0,Stable,False
2025-11-03,Cronos,0.5228,0.5228,0.0,1.0,0.0,0.0,1.0,0.48722857142857146,0.2401366666666667,0.0,Stable,False
2025-11-04,Cronos,0.5228,0.5228,0.0,1.0,0.0,0.0,1.0,0.5619142857142857,0.25053833333333336,0.0,Stable,False
2025-11-05,Cronos,0.5228,0.5228,0.0,1.0,0.0,0.0,1.0,0.5423571428571429,0.26094,0.0,Stable,False
2025-11-06,Cronos,0.5228,0.5228,0.0,1.0,0.0,0.0,1.0,0.5228,0.27134166666666665,0.0,Stable,False
2025-11-07,Cronos,0.5228,0.5228,0.0,1.0,0.0,0.0,1.0,0.5228,0.28174333333333335,0.0,Stable,False
2025-11-08,Cronos,0.5228,0.5228,0.0,1.0,0.0,0.0,1.0,0.5228,0.292145,0.0,Stable,False
2025-11-09,Cronos,0.5228,0.5228,0.0,1.0,0.0,0.0,1.0,0.5228,0.3025466666666667,0.0,Stable,False
2025-11-10,Cronos,0.5228,0.5228,0.0,1.0,0.0,0.0,1.0,0.5228,0.31294833333333333,0.0,Stable,False
2025-11-11,Cronos,0.5228,0.5228,0.0,1.0,0.0,0.0,1.0,0.5228,0.3233500000000001,0.0,Stable,False
2025-11-12,Cronos,0.5228,0.5228,0.0,1.0,0.0,0.0,1.0,0.5228,0.3337516666666666,0.0,Stable,False
2025-11-13,Cronos,0.5228,0.5228,0.0,1.0,0.0,0.0,1.0,0.5228,0.34415333333333337,0.0,Stable,False
2025-09-30,Dai,,,,,,,,,,,Stable,False
2025-10-01,Dai,,,,,,,,,,,Stable,False
2025-10-02,Dai,,,,,,,,,,,Stable,False
2025-10-03,Dai,,,,,,,,,,,Stable,False
2025-10-04,Dai,,,,,,,,,,,Stable,False
2025-10-05,Dai,,,,,,,,,,,Stable,False
2025-10-06,Dai,,,,,,,,,,,Stable,False
2025-10-07,Dai,,,,,,,,,,,Stable,False
2025-10-08,Dai,,,,,,,,,,,Stable,False
2025-10-09,Dai,,,,,,,,,,,Stable,False
2025-10-10,Dai,,,,,,,,,,,Stable,False
2025-10-11,Dai,,,,,,,,,,,Stable,False
2025-10-12,Dai,,,,,,,,,,,Stable,False
2025-10-13,Dai,,,,,,,,,,,Stable,False
2025-10-14,Dai,,,,,,,,,,,Stable,False
2025-10-15,Dai,,,,,,,,,,,Stable,False
2025-10-16,Dai,,,,,,,,,,,Stable,False
2025-10-17,Dai,,,,,,,,,,,Stable,False
2025-10-18,Dai,,,,,,,,,,,Stable,False
2025-10-19,Dai,,,,,,,,,,,Stable,False
2025-10-20,Dai,,,,,,,,,,,Stable,False
2025-10-21,Dai,0.8798,0.8798,0.0,1.0,0.0,0.0,1.0,0.8798,0.8798,,Stable,False
2025-10-22,Dai,0.8798,0.8798,0.0,1.0,0.0,0.0,1.0,0.8798,0.8798,0.0,Stable,False
2025-10-23,Dai,0.8798,0.8798,0.0,1.0,0.0,0.0,1.0,0.8798,0.8798,0.0,Stable,False
2025-10-24,Dai,0.8798,0.8798,0.0,1.0,0.0,0.0,1.0,0.8798,0.8798,0.0,Stable,False
2025-10-25,Dai,0.8798,0.8798,0.0,1.0,0.0,0.0,1.0,0.8798,0.8798,0.0,Stable,False
2025-10-26,Dai,0.2716,0.2716,0.0,1.0,0.0,0.0,1.0,0.7784333333333334,0.7784333333333334,-0.6082000000000001,Declining,True
2025-10-27,Dai,0.2716,0.2716,0.0,1.0,0.0,0.0,1.0,0.7060285714285713,0.7060285714285713,0.0,Stable,True
2025-10-28,Dai,0.2716,0.2716,0.0,1.0,0.0,0.0,1.0,0.6191428571428571,0.651725,0.0,Stable,True
2025-10-29,Dai,0.2716,0.2716,0.0,1.0,0.0,0.0,1.0,0.5322571428571429,0.609488888888889,0.0,Stable,True
2025-10-30,Dai,0.2716,0.2716,0.0,1.0,0.0,0.0,1.0,0.4453714285714286,0.5757000000000001,0.0,Stable,False
2025-10-31,Dai,0.2716,0.2716,0.0,1.0,0.0,0.0,1.0,0.35848571428571435,0.5480545454545455,0.0,Stable,False
2025-11-01,Dai,0.2716,0.2716,0.0,1.0,0.0,0.0,1.0,0.2716,0.5250166666666667,0.0,Stable,False
2025-11-02,Dai,0.2716,0.2716,0.0,1.0,0.0,0.0,1.0,0.2716,0.505523076923077,0.0,Stable,False
2025-11-03,Dai,0.2716,0.2716,0.0,1.0,0.0,0.0,1.0,0.2716,0.4888142857142857,0.0,Stable,False
2025-11-04,Dai,0.2716,0.2716,0.0,1.0,0.0,0.0,1.0,0.2716,0.47433333333333333,0.0,Stable,False
2025-11-05,Dai,0.2716,0.2716,0.0,1.0,0.0,0.0,1.0,0.2716,0.46166250000000003,0.0,Stable,False
2025-11-06,Dai,0.2716,0.2716,0.0,1.0,0.0,0.0,1.0,0.2716,0.45048235294117644,0.0,Stable,False
2025-11-07,Dai,0.2716,0.2716,0.0,1.0,0.0,0.0,1.0,0.2716,0.44054444444444446,0.0,Stable,False
2025-11-08,Dai,0.2716,0.2716,0.0,1.0,0.0,0.0,1.0,0.2716,0.43165263157894734,0.0,Stable,False
2025-11-09,Dai,0.2716,0.2716,0.0,1.0,0.0,0.0,1.0,0.2716,0.42365,0.0,Stable,False
2025-11-10,Dai,0.2716,0.2716,0.0,1.0,0.0,0.0,1.0,0.2716,0.41640952380952384,0.0,Stable,False
2025-11-11,Dai,0.2716,0.2716,0.0,1.0,0.0,0.0,1.0,0.2716,0.4098272727272727,0.0,Stable,False
2025-11-12,Dai,0.2716,0.2716,0.0,1.0,0.0,0.0,1.0,0.2716,0.40381739130434785,0.0,Stable,False
2025-11-13,Dai,0.2716,0.2716,0.0,1.0,0.0,0.0,1.0,0.2716,0.3983083333333333,0.0,Stable,False
2025-09-30,Dogecoin,,,,,,,,,,,Stable,False
2025-10-01,Dogecoin,,,,,,,,,,,Stable,False
2025-10-02,Dogecoin,,,,,,,,,,,Stable,False
2025-10-03,Dogecoin,,,,,,,,,,,Stable,False
2025-10-04,Dogecoin,0.1591,0.1591,0.2250013777735594,2.0,0.0,1.0,1.0,0.1591,0.1591,,Stable,False
2025-10-05,Dogecoin,0.27314285714285713,0.3612,0.3090090066494441,7.0,1.0,1.0,5.0,0.21612142857142858,0.21612142857142858,0.11404285714285714,Improving,False
2025-10-06,Dogecoin,0.27314285714285713,0.3612,0.3090090066494441,7.0,1.0,1.0,5.0,0.23512857142857144,0.23512857142857144,0.0,Stable,False
2025-10-07,Dogecoin,0.27314285714285713,0.3612,0.3090090066494441,7.0,1.0,1.0,5.0,0.24463214285714285,0.24463214285714285,0.0,Stable,False
2025-10-08,Dogecoin,0.27314285714285713,0.3612,0.3090090066494441,7.0,1.0,1.0,5.0,0.25033428571428573,0.25033428571428573,0.0,Stable,False
2025-10-09,Dogecoin,0.27314285714285713,0.3612,0.3090090066494441,7.0,1.0,1.0,5.0,0.2541357142857143,0.2541357142857143,0.0,Stable,False
2025-10-10,Dogecoin,0.4215,0.4215,0.0,1.0,0.0,0.0,1.0,0.2780448979591837,0.2780448979591837,0.14835714285714285,Improving,False
2025-10-11,Dogecoin,-0.0322,-0.0322,0.04553767670841366,2.0,1.0,1.0,0.0,0.2507163265306122,0.2392642857142857,-0.4537,Declining,False
2025-10-12,Dogecoin,-0.030200000000000005,0.0,0.7011879348648264,3.0,1.0,1.0,1.0,0.20738163265306123,0.20932380952380952,0.001999999999999995,Stable,False
2025-10-13,Dogecoin,-0.030200000000000005,0.0,0.7011879348648264,3.0,1.0,1.0,1.0,0.1640469387755102,0.18537142857142858,0.0,Stable,False
2025-10-14,Dogecoin,-0.1531,-0.1531,0.0,1.0,1.0,0.0,0.0,0.10315510204081632,0.15460129870129868,-0.12290000000000001,Declining,False
2025-10-15,Dogecoin,-0.1531,-0.1531,0.0,1.0,1.0,0.0,0.0,0.04226326530612244,0.1289595238095238,0.0,Stable,False
2025-10-16,Dogecoin,-0.1531,-0.1531,0.0,1.0,1.0,0.0,0.0,-0.01862857142857144,0.10726263736263736,0.0,Stable,False
2025-10-17,Dogecoin,0.75255,0.75255,0.2554776800426997,2.0,0.0,0.0,2.0,0.028664285714285715,0.1533545918367347,0.9056500000000001,Improving,True
2025-10-18,Dogecoin,0.75255,0.75255,0.2554776800426997,2.0,0.0,0.0,2.0,0.14077142857142858,0.1933009523809524,0.0,Stable,True
2025-10-19,Dogecoin,0.75255,0.75255,0.2554776800426997,2.0,0.0,0.0,2.0,0.2525928571428572,0.22825401785714286,0.0,Stable,True
2025-10-20,Dogecoin,0.1531,0.1531,0.0,1.0,0.0,0.0,1.0,0.27877857142857143,0.2238331932773109,-0.59945,Declining,False
2025-10-21,Dogecoin,0.4703,0.4703,0.0,1.0,0.0,0.0,1.0,0.3678357142857143,0.23752579365079363,0.3172,Improving,False
2025-10-22,Dogecoin,0.4703,0.4703,0.0,1.0,0.0,0.0,1.0,0.4568928571428571,0.24977706766917293,0.0,Stable,False
2025-10-23,Dogecoin,0.4703,0.4703,0.0,1.0,0.0,0.0,1.0,0.54595,0.2608032142857143,0.0,Stable,False
2025-10-24,Dogecoin,0.4703,0.4703,0.0,1.0,0.0,0.0,1.0,0.5056285714285714,0.27077925170068023,0.0,Stable,False
2025-10-25,Dogecoin,0.4703,0.4703,0.0,1.0,0.0,0.0,1.0,0.46530714285714286,0.27984837662337664,0.0,Stable,False
2025-10-26,Dogecoin,0.9481,0.9481,0.0,1.0,0.0,0.0,1.0,0.49324285714285715,0.3089027950310559,0.47780000000000006,Improving,False
2025-10-27,Dogecoin,0.9481,0.9481,0.0,1.0,0.0,0.0,1.0,0.6068142857142858,0.3355360119047619,0.0,Stable,False
2025-10-28,Dogecoin,0.0,0.0,0.0,1.0,0.0,1.0,0.0,0.5396285714285715,0.3221145714285714,-0.9481,Declining,True
2025-10-29,Dogecoin,0.30279999999999996,0.30279999999999996,0.5047328204109576,2.0,1.0,0.0,1.0,0.5157,0.3213717032967033,0.30279999999999996,Improving,False
2025-10-30,Dogecoin,0.0,0.0,0.0,1.0,0.0,1.0,0.0,0.44851428571428575,0.3094690476190476,-0.30279999999999996,Declining,False
2025-10-31,Dogecoin,0.05674545454545455,0.10855000000000001,0.47937730018299346,22.0,6.0,4.0,12.0,0.38943506493506497,0.3004432050092764,0.05674545454545455,Improving,False
2025-11-01,Dogecoin,0.2577,0.2577,0.3644428350235466,2.0,0.0,1.0,1.0,0.35906363636363636,0.2989693013882669,0.20095454545454544,Improving,False
2025-11-02,Dogecoin,0.2577,0.2577,0.3644428350235466,2.0,0.0,1.0,1.0,0.26043506493506496,0.297593658008658,0.0,Stable,False
2025-11-03,Dogecoin,0.2023,0.2023,0.0,1.0,0.0,0.0,1.0,0.15389220779220777,0.299033658008658,-0.05539999999999998,Declining,False
2025-11-04,Dogecoin,0.2023,0.2023,0.0,1.0,0.0,0.0,1.0,0.18279220779220778,0.29667222943722943,0.0,Stable,False
2025-11-05,Dogecoin,0.2023,0.2023,0.0,1.0,0.0,0.0,1.0,0.16843506493506494,0.29431080086580086,0.0,Stable,False
2025-11-06,Dogecoin,0.2023,0.2023,0.0,1.0,0.0,0.0,1.0,0.19733506493506495,0.2919493722943723,0.0,Stable,False
2025-11-07,Dogecoin,0.2023,0.2023,0.0,1.0,0.0,0.0,1.0,0.21812857142857142,0.2895879437229437,0.0,Stable,False
2025-11-08,Dogecoin,0.2023,0.2023,0.0,1.0,0.0,0.0,1.0,0.21021428571428571,0.28722651515151515,0.0,Stable,False
2025-11-09,Dogecoin,0.2023,0.2023,0.0,1.0,0.0,0.0,1.0,0.2023,0.27991984848484847,0.0,Stable,False
2025-11-10,Dogecoin,0.2023,0.2023,0.0,1.0,0.0,0.0,1.0,0.2023,0.28773651515151516,0.0,Stable,False
2025-11-11,Dogecoin,0.2023,0.2023,0.0,1.0,0.0,0.0,1.0,0.2023,0.2954865151515152,0.0,Stable,False
2025-11-12,Dogecoin,0.2023,0.2023,0.0,1.0,0.0,0.0,1.0,0.2023,0.3032365151515152,0.0,Stable,False
2025-11-13,Dogecoin,0.2023,0.2023,0.0,1.0,0.0,0.0,1.0,0.2023,0.3150831818181818,0.0,Stable,False
2025-09-30,Ethereum,,,,,,,,,,,Stable,False
2025-10-01,Ethereum,0.35607333333333335,0.4767,0.4840794614031677,15.0,2.0,3.0,10.0,0.35607333333333335,0.35607333333333335,,Stable,False
2025-10-02,Ethereum,0.37550625,0.5849,0.5043730041265757,16.0,2.0,5.0,9.0,0.3657897916666667,0.3657897916666667,0.019432916666666633,Improving,False
2025-10-03,Ethereum,0.1828,0.0,0.4159721177281871,23.0,3.0,10.0,10.0,0.30479319444444447,0.30479319444444447,-0.19270625,Declining,False
2025-10-04,Ethereum,0.1553111111111111,0.0,0.5536306405096371,9.0,2.0,3.0,4.0,0.2674226736111111,0.2674226736111111,-0.027488888888888896,Declining,False
2025-10-05,Ethereum,0.028457894736842102,0.0,0.31967646372854586,19.0,5.0,8.0,6.0,0.21962971783625732,0.21962971783625732,-0.126853216374269,Declining,False
2025-10-06,Ethereum,0.4202888888888889,0.4491,0.36799517881894445,18.0,1.0,5.0,12.0,0.25307291301169593,0.25307291301169593,0.39183099415204675,Improving,False
2025-10-07,Ethereum,0.03286842105263157,0.0,0.5411915475777412,19.0,7.0,5.0,7.0,0.22161512844611528,0.22161512844611528,-0.38742046783625733,Declining,False
2025-10-08,Ethereum,0.2117529411764706,0.2023,0.3619229460770052,17.0,3.0,3.0,11.0,0.20099792956656345,0.2203823550374097,0.178884520123839,Improving,False
2025-10-09,Ethereum,0.241225,0.0,0.46022241683184606,12.0,3.0,4.0,5.0,0.18181489385227773,0.22269820447769753,0.029472058823529407,Improving,False
2025-10-10,Ethereum,-0.01719166666666667,0.0386,0.43545995214743044,12.0,4.0,2.0,6.0,0.15324465575703966,0.19870921736326108,-0.2584166666666667,Declining,False
2025-10-11,Ethereum,0.14125714285714286,0.0,0.5783923837425841,21.0,6.0,5.0,10.0,0.15123694600647278,0.1934863014990685,0.15844880952380952,Improving,False
2025-10-12,Ethereum,0.2040448275862069,0.2698,0.49207103696389115,29.0,7.0,5.0,17.0,0.17632079355638203,0.19436617867299674,0.06278768472906404,Improving,False
2025-10-13,Ethereum,0.50552,0.6841,0.4716361701566155,5.0,0.0,2.0,3.0,0.188496666572255,0.2183010880058431,0.30147517241379307,Improving,False
2025-10-14,Ethereum,-0.08388461538461539,0.0,0.416805693831378,13.0,5.0,5.0,3.0,0.17181766136693402,0.19671639490652468,-0.5894046153846153,Declining,False
2025-10-15,Ethereum,0.21100526315789475,0.0772,0.4315390924401792,19.0,3.0,6.0,10.0,0.1717108502214232,0.19766898612328268,0.29488987854251014,Improving,False
2025-10-16,Ethereum,0.247971875,0.1595,0.4046002146558955,32.0,3.0,11.0,18.0,0.17267468950713746,0.2008129166780775,0.03696661184210526,Improving,False
2025-10-17,Ethereum,0.38556315789473683,0.4404,0.4835801739922374,19.0,3.0,1.0,15.0,0.23021109301590942,0.2116805779261163,0.13759128289473682,Improving,False
2025-10-18,Ethereum,0.29419230769230775,0.6369,0.6176729750463138,13.0,3.0,1.0,9.0,0.25205897370664726,0.2162645629131269,-0.09137085020242908,Declining,False
2025-10-19,Ethereum,0.16025581395348837,0.1128,0.3286241704166932,43.0,9.0,9.0,25.0,0.24580340033054462,0.21331673402051438,-0.13393649373881938,Declining,False
2025-10-20,Ethereum,0.146124,0.0525,0.4272443205005773,25.0,5.0,7.0,13.0,0.1944611146162589,0.20995709731948864,-0.014131813953488365,Declining,False
2025-10-21,Ethereum,0.025853571428571427,0.0,0.45493444255607807,28.0,9.0,7.0,12.0,0.21013799844671416,0.2011902627532545,-0.12027042857142858,Declining,False
2025-10-22,Ethereum,0.1209029411764706,0.1602,0.5310460006812707,34.0,10.0,5.0,19.0,0.19726623816365357,0.19754083904521885,0.09504936974789918,Improving,False
2025-10-23,Ethereum,0.20225200000000002,0.3612,0.5413117348318497,25.0,5.0,7.0,13.0,0.19073482744936787,0.19774567213020935,0.08134905882352941,Improving,False
2025-10-24,Ethereum,0.038754545454545465,0.0516,0.5064489991373985,11.0,2.0,3.0,6.0,0.14119073995791193,0.1911210418520567,-0.16349745454545456,Declining,False
2025-10-25,Ethereum,0.21207777777777778,0.1027,0.39370702044631856,27.0,5.0,4.0,18.0,0.1294600928272648,0.19195931128908555,0.17332323232323232,Improving,False
2025-10-26,Ethereum,0.05703478260869565,0.0,0.4798699602342054,23.0,8.0,6.0,9.0,0.11471423120658013,0.18676990633983975,-0.15504299516908213,Declining,False
2025-10-27,Ethereum,0.14353125,0.0961,0.3627819307993662,32.0,6.0,9.0,17.0,0.11434383834943727,0.1851684746235494,0.08649646739130434,Improving,False
2025-10-28,Ethereum,0.33618148148148147,0.4019,0.44993152559117006,27.0,4.0,8.0,15.0,0.15867639692842442,0.19056179629704698,0.19265023148148147,Improving,False
2025-10-29,Ethereum,0.22368571428571427,0.3615,0.5291739360580551,28.0,7.0,4.0,17.0,0.17335965022974495,0.19170400036562169,-0.1124957671957672,Declining,False
2025-10-30,Ethereum,0.1201,0.0,0.5261355273153946,30.0,10.0,7.0,13.0,0.16162365022974495,0.18931720035343433,-0.10358571428571427,Declining,False
2025-10-31,Ethereum,0.011311111111111117,0.0,0.5128871264171527,36.0,13.0,10.0,13.0,0.15770315960925432,0.17782512627936023,-0.10878888888888888,Declining,False
2025-11-01,Ethereum,0.22715714285714286,0.0322,0.4943720270190265,14.0,3.0,4.0,7.0,0.1598573546205922,0.172880156041265,0.21584603174603176,Improving,False
2025-11-02,Ethereum,0.14703333333333335,0.0,0.3004658438713681,3.0,1.0,1.0,1.0,0.1727142904383976,0.1716879338190428,-0.08012380952380951,Declining,False
2025-11-03,Ethereum,0.40085000000000004,0.40085000000000004,0.28079210280917805,2.0,0.0,0.0,2.0,0.20947411186696901,0.1798725634486724,0.2538166666666667,Improving,False
2025-11-04,Ethereum,0.14479999999999998,0.0,0.37711069661307667,9.0,1.0,5.0,3.0,0.18213390022675738,0.183750633624111,-0.25605000000000006,Declining,False
2025-11-05,Ethereum,0.2936,0.4404,0.2542650585511112,3.0,0.0,1.0,2.0,0.19212165532879819,0.17952767066114808,0.14880000000000004,Improving,False
2025-11-06,Ethereum,-0.4503,-0.4503,0.0,1.0,1.0,0.0,0.0,0.11063594104308393,0.16342205662606035,-0.7439,Declining,True
2025-11-07,Ethereum,0.350625,0.32594999999999996,0.3139386391743881,4.0,0.0,1.0,3.0,0.15910935374149662,0.16805112525351132,0.800925,Improving,False
2025-11-08,Ethereum,0.0258,0.0258,0.03648670990922585,2.0,0.0,1.0,1.0,0.13034404761904764,0.160870291920178,-0.32482500000000003,Declining,False
2025-11-09,Ethereum,0.0,0.0,0.0,1.0,0.0,1.0,0.0,0.10933928571428574,0.16144334747573355,-0.0258,Declining,False
2025-11-10,Ethereum,0.0,0.0,0.0,1.0,0.0,1.0,0.0,0.052075,0.15673477604716213,0.0,Stable,False
2025-11-11,Ethereum,0.09035000000000001,0.09035000000000001,0.5463814098228452,2.0,1.0,0.0,1.0,0.044296428571428584,0.15294494846095522,0.09035000000000001,Improving,False
2025-11-12,Ethereum,0.3246833333333333,0.3389,0.5235928777845118,6.0,1.0,1.0,4.0,0.04873690476190477,0.14691705957206633,0.2343333333333333,Improving,False
2025-11-13,Ethereum,0.06783333333333334,0.0,0.3795240747743592,3.0,1.0,1.0,1.0,0.12275595238095238,0.1519743245293313,-0.25684999999999997,Declining,False
2025-09-30,Ethereum Classic,,,,,,,,,,,Stable,False
2025-10-01,Ethereum Classic,0.4909333333333333,0.5949,0.4480891689533829,3.0,0.0,1.0,2.0,0.4909333333333333,0.4909333333333333,,Stable,False
2025-10-02,Ethereum Classic,0.4909333333333333,0.5949,0.4480891689533829,3.0,0.0,1.0,2.0,0.4909333333333333,0.4909333333333333,0.0,Stable,False
2025-10-03,Ethereum Classic,0.13954999999999998,0.13954999999999998,0.34259323548488224,2.0,1.0,0.0,1.0,0.3738055555555555,0.3738055555555555,-0.35138333333333327,Declining,False
2025-10-04,Ethereum Classic,0.13954999999999998,0.13954999999999998,0.34259323548488224,2.0,1.0,0.0,1.0,0.31524166666666664,0.31524166666666664,0.0,Stable,False
2025-10-05,Ethereum Classic,0.8536,0.8536,0.0,1.0,0.0,0.0,1.0,0.42291333333333336,0.42291333333333336,0.7140500000000001,Improving,False
2025-10-06,Ethereum Classic,0.9223,0.9223,0.0,1.0,0.0,0.0,1.0,0.5061444444444444,0.5061444444444444,0.06869999999999998,Improving,False
2025-10-07,Ethereum Classic,0.4588,0.4588,0.0,1.0,0.0,0.0,1.0,0.49938095238095237,0.49938095238095237,-0.4635,Declining,False
2025-10-08,Ethereum Classic,0.4588,0.4588,0.0,1.0,0.0,0.0,1.0,0.4947904761904761,0.4943083333333333,0.0,Stable,False
2025-10-09,Ethereum Classic,0.4588,0.4588,0.0,1.0,0.0,0.0,1.0,0.4902,0.490362962962963,0.0,Stable,False
2025-10-10,Ethereum Classic,0.4588,0.4588,0.0,1.0,0.0,0.0,1.0,0.5358071428571428,0.4872066666666666,0.0,Stable,False
2025-10-11,Ethereum Classic,0.4588,0.4588,0.0,1.0,0.0,0.0,1.0,0.5814142857142857,0.4846242424242424,0.0,Stable,False
2025-10-12,Ethereum Classic,-0.25,-0.25,0.0,1.0,1.0,0.0,0.0,0.4237571428571428,0.42340555555555554,-0.7088,Declining,True
2025-10-13,Ethereum Classic,0.03347499999999999,-0.005099999999999993,0.7163286739805037,4.0,2.0,0.0,2.0,0.2967821428571428,0.3934108974358974,0.283475,Improving,False
2025-10-14,Ethereum Classic,-0.42374999999999996,-0.42374999999999996,0.1806657825931629,2.0,2.0,0.0,0.0,0.17070357142857143,0.3350422619047619,-0.45722499999999994,Declining,False
2025-10-15,Ethereum Classic,0.62125,0.604,0.14462479040607112,4.0,0.0,0.0,4.0,0.19391071428571424,0.35412277777777773,1.045,Improving,False
2025-10-16,Ethereum Classic,-0.4215,-0.4215,0.0,1.0,1.0,0.0,0.0,0.06815357142857141,0.30564635416666663,-1.0427499999999998,Declining,False
2025-10-17,Ethereum Classic,0.6004,0.4588,0.2781870054477743,3.0,0.0,0.0,3.0,0.08838214285714285,0.32298480392156864,1.0219,Improving,False
2025-10-18,Ethereum Classic,-0.03694999999999998,-0.06705,0.497072767979364,4.0,2.0,1.0,1.0,0.017560714285714287,0.3029884259259259,-0.6373500000000001,Declining,False
2025-10-19,Ethereum Classic,-0.089175,-0.23835,0.6509131502486847,4.0,2.0,1.0,1.0,0.040535714285714286,0.2823482456140351,-0.05222500000000002,Declining,False
2025-10-20,Ethereum Classic,0.06972500000000002,-0.005549999999999999,0.5459600924060293,4.0,2.0,0.0,2.0,0.04571428571428572,0.27171708333333333,0.15890000000000004,Improving,False
2025-10-21,Ethereum Classic,0.013949999999999999,-0.16515000000000002,0.46294890754812246,6.0,4.0,1.0,1.0,0.10824285714285715,0.25944246031746027,-0.055775000000000026,Declining,False
2025-10-22,Ethereum Classic,-0.025099999999999973,0.0,0.5486807541731349,3.0,1.0,1.0,1.0,0.015907142857142866,0.24650871212121214,-0.039049999999999974,Declining,False
2025-10-23,Ethereum Classic,-0.06523999999999999,-0.2023,0.6218360941598677,5.0,3.0,0.0,2.0,0.06680142857142858,0.23295442028985508,-0.04014000000000002,Declining,False
2025-10-24,Ethereum Classic,0.18403333333333335,0.22315,0.6701778082469358,6.0,2.0,1.0,3.0,0.007320476190476195,0.23091604166666665,0.24927333333333335,Improving,False
2025-10-25,Ethereum Classic,0.11935,0.5293,0.7754491517823718,6.0,2.0,0.0,4.0,0.029649047619047623,0.2264534,-0.06468333333333336,Declining,False
2025-10-26,Ethereum Classic,0.3070857142857143,0.5005,0.5504685653409933,7.0,1.0,1.0,5.0,0.08625772108843537,0.22955464285714286,0.18773571428571428,Improving,False
2025-10-27,Ethereum Classic,0.17393999999999998,0.4019,0.7041512003824179,5.0,1.0,1.0,3.0,0.10114557823129251,0.22749484126984126,-0.1331457142857143,Declining,False
2025-10-28,Ethereum Classic,-0.0021222222222222168,0.0,0.44412229390613167,9.0,3.0,2.0,4.0,0.09884954648526077,0.21929423185941044,-0.1760622222222222,Declining,False
2025-10-29,Ethereum Classic,0.4935272727272727,0.6597,0.33179702859100196,11.0,1.0,1.0,9.0,0.17293915687487113,0.22875054361347463,0.4956494949494949,Improving,False
2025-10-30,Ethereum Classic,0.37492857142857144,0.7003,0.6789403206818837,7.0,2.0,0.0,5.0,0.23582038136466707,0.23362314454064453,-0.11859870129870126,Declining,False
2025-10-31,Ethereum Classic,0.31981111111111116,0.6615,0.6355835142694556,9.0,3.0,0.0,6.0,0.2552172067614925,0.22791907046657045,-0.05511746031746029,Declining,False
2025-11-01,Ethereum Classic,0.22810000000000002,0.4827,0.8465625001538083,4.0,1.0,0.0,3.0,0.2707529210472068,0.21915795935545937,-0.09171111111111113,Declining,False
2025-11-02,Ethereum Classic,0.22810000000000002,0.4827,0.8465625001538083,4.0,1.0,0.0,3.0,0.259469247577819,0.222109626022126,0.0,Stable,False
2025-11-03,Ethereum Classic,-0.0772,-0.0772,0.0,1.0,1.0,0.0,0.0,0.22359210472067614,0.21488462602212605,-0.3053,Declining,False
2025-11-04,Ethereum Classic,0.7311,0.7311,0.0,1.0,0.0,0.0,1.0,0.3283381364667079,0.2108012926887927,0.8083,Improving,False
2025-11-05,Ethereum Classic,0.7311,0.7311,0.0,1.0,0.0,0.0,1.0,0.36227709750566894,0.20442795935545935,0.0,Stable,False
2025-11-06,Ethereum Classic,0.7311,0.7311,0.0,1.0,0.0,0.0,1.0,0.41315873015873017,0.21350462602212603,0.0,Stable,False
2025-11-07,Ethereum Classic,0.296,0.296,0.0,1.0,0.0,0.0,1.0,0.4097571428571429,0.20807795935545934,-0.4351,Declining,False
2025-11-08,Ethereum Classic,0.296,0.296,0.0,1.0,0.0,0.0,1.0,0.4194571428571428,0.2026512926887927,0.0,Stable,False
2025-11-09,Ethereum Classic,0.0,0.0,0.0,1.0,0.0,1.0,0.0,0.3868714285714286,0.18735795935545937,-0.296,Declining,False
2025-11-10,Ethereum Classic,0.0,0.0,0.0,1.0,0.0,1.0,0.0,0.3978999999999999,0.17206462602212602,0.0,Stable,False
2025-11-11,Ethereum Classic,0.0,0.0,0.0,1.0,0.0,1.0,0.0,0.2934571428571428,0.18039795935545935,0.0,Stable,False
2025-11-12,Ethereum Classic,0.0,0.0,0.0,1.0,0.0,1.0,0.0,0.18901428571428572,0.17928212602212604,0.0,Stable,False
2025-11-13,Ethereum Classic,0.0,0.0,0.0,1.0,0.0,1.0,0.0,0.08457142857142856,0.19340712602212604,0.0,Stable,False
2025-09-30,Hedera,,,,,,,,,,,Stable,False
2025-10-01,Hedera,,,,,,,,,,,Stable,False
2025-10-02,Hedera,,,,,,,,,,,Stable,False
2025-10-03,Hedera,,,,,,,,,,,Stable,False
2025-10-04,Hedera,,,,,,,,,,,Stable,False
2025-10-05,Hedera,,,,,,,,,,,Stable,False
2025-10-06,Hedera,,,,,,,,,,,Stable,False
2025-10-07,Hedera,,,,,,,,,,,Stable,False
2025-10-08,Hedera,,,,,,,,,,,Stable,False
2025-10-09,Hedera,,,,,,,,,,,Stable,False
2025-10-10,Hedera,,,,,,,,,,,Stable,False
2025-10-11,Hedera,,,,,,,,,,,Stable,False
2025-10-12,Hedera,,,,,,,,,,,Stable,False
2025-10-13,Hedera,,,,,,,,,,,Stable,False
2025-10-14,Hedera,,,,,,,,,,,Stable,False
2025-10-15,Hedera,,,,,,,,,,,Stable,False
2025-10-16,Hedera,,,,,,,,,,,Stable,False
2025-10-17,Hedera,,,,,,,,,,,Stable,False
2025-10-18,Hedera,,,,,,,,,,,Stable,False
2025-10-19,Hedera,,,,,,,,,,,Stable,False
2025-10-20,Hedera,,,,,,,,,,,Stable,False
2025-10-21,Hedera,0.42110000000000003,0.42110000000000003,0.4863480441001074,2.0,0.0,0.0,2.0,0.42110000000000003,0.42110000000000003,,Stable,False
2025-10-22,Hedera,0.42110000000000003,0.42110000000000003,0.4863480441001074,2.0,0.0,0.0,2.0,0.42110000000000003,0.42110000000000003,0.0,Stable,False
2025-10-23,Hedera,0.6369,0.6369,0.0,1.0,0.0,0.0,1.0,0.4930333333333334,0.4930333333333334,0.2158,Improving,False
2025-10-24,Hedera,0.6369,0.6369,0.0,1.0,0.0,0.0,1.0,0.529,0.529,0.0,Stable,False
2025-10-25,Hedera,0.6369,0.6369,0.0,1.0,0.0,0.0,1.0,0.5505800000000001,0.5505800000000001,0.0,Stable,False
2025-10-26,Hedera,0.6369,0.6369,0.0,1.0,0.0,0.0,1.0,0.5649666666666667,0.5649666666666667,0.0,Stable,False
2025-10-27,Hedera,0.9337,0.9337,0.0,1.0,0.0,0.0,1.0,0.6176428571428572,0.6176428571428572,0.29679999999999995,Improving,True
2025-10-28,Hedera,0.058628571428571426,0.0,0.3099055226468753,14.0,5.0,4.0,5.0,0.5658612244897959,0.5477660714285715,-0.8750714285714285,Declining,True
2025-10-29,Hedera,0.32985,0.32985,0.4664783435487654,2.0,0.0,1.0,1.0,0.5528255102040817,0.5235531746031746,0.27122142857142856,Improving,False
2025-10-30,Hedera,0.0,0.0,0.0,1.0,0.0,1.0,0.0,0.4618397959183674,0.4711978571428571,-0.32985,Declining,True
2025-10-31,Hedera,0.17,0.17,0.2404163056034262,2.0,0.0,1.0,1.0,0.3951397959183674,0.44381623376623375,0.17,Improving,False
2025-11-01,Hedera,0.17,0.17,0.2404163056034262,2.0,0.0,1.0,1.0,0.3284397959183674,0.42099821428571427,0.0,Stable,False
2025-11-02,Hedera,0.17,0.17,0.2404163056034262,2.0,0.0,1.0,1.0,0.2617397959183673,0.40169065934065934,0.0,Stable,False
2025-11-03,Hedera,0.17,0.17,0.2404163056034262,2.0,0.0,1.0,1.0,0.15263979591836735,0.3851413265306123,0.0,Stable,False
2025-11-04,Hedera,0.17,0.17,0.2404163056034262,2.0,0.0,1.0,1.0,0.16855,0.3707985714285715,0.0,Stable,False
2025-11-05,Hedera,0.17,0.17,0.2404163056034262,2.0,0.0,1.0,1.0,0.1457142857142857,0.35824866071428574,0.0,Stable,False
2025-11-06,Hedera,0.17,0.17,0.2404163056034262,2.0,0.0,1.0,1.0,0.17,0.3471752100840336,0.0,Stable,False
2025-11-07,Hedera,0.17,0.17,0.2404163056034262,2.0,0.0,1.0,1.0,0.17,0.33733214285714286,0.0,Stable,False
2025-11-08,Hedera,0.17,0.17,0.2404163056034262,2.0,0.0,1.0,1.0,0.17,0.3285251879699248,0.0,Stable,False
2025-11-09,Hedera,0.17,0.17,0.2404163056034262,2.0,0.0,1.0,1.0,0.17,0.3205989285714286,0.0,Stable,False
2025-11-10,Hedera,0.17,0.17,0.2404163056034262,2.0,0.0,1.0,1.0,0.17,0.31342755102040815,0.0,Stable,False
2025-11-11,Hedera,0.17,0.17,0.2404163056034262,2.0,0.0,1.0,1.0,0.17,0.30690811688311687,0.0,Stable,False
2025-11-12,Hedera,0.17,0.17,0.2404163056034262,2.0,0.0,1.0,1.0,0.17,0.3009555900621118,0.0,Stable,False
2025-11-13,Hedera,0.17,0.17,0.2404163056034262,2.0,0.0,1.0,1.0,0.17,0.29549910714285715,0.0,Stable,False
2025-09-30,Hyperliquid,,,,,,,,,,,Stable,False
2025-10-01,Hyperliquid,0.33709999999999996,0.6908,0.7802879532582827,3.0,1.0,0.0,2.0,0.33709999999999996,0.33709999999999996,,Stable,False
2025-10-02,Hyperliquid,0.33709999999999996,0.6908,0.7802879532582827,3.0,1.0,0.0,2.0,0.33709999999999996,0.33709999999999996,0.0,Stable,False
2025-10-03,Hyperliquid,0.33709999999999996,0.6908,0.7802879532582827,3.0,1.0,0.0,2.0,0.33709999999999996,0.33709999999999996,0.0,Stable,False
2025-10-04,Hyperliquid,0.33709999999999996,0.6908,0.7802879532582827,3.0,1.0,0.0,2.0,0.33709999999999996,0.33709999999999996,0.0,Stable,False
2025-10-05,Hyperliquid,0.6137,0.6137,0.0,1.0,0.0,0.0,1.0,0.39242,0.39242,0.27660000000000007,Improving,False
2025-10-06,Hyperliquid,0.11699999999999999,0.0,0.20264994448555862,3.0,0.0,2.0,1.0,0.34651666666666664,0.34651666666666664,-0.49670000000000003,Declining,False
2025-10-07,Hyperliquid,0.11699999999999999,0.0,0.20264994448555862,3.0,0.0,2.0,1.0,0.3137285714285714,0.3137285714285714,0.0,Stable,False
2025-10-08,Hyperliquid,-0.4005,-0.4005,0.0,1.0,1.0,0.0,0.0,0.20835714285714285,0.22444999999999998,-0.5175000000000001,Declining,False
2025-10-09,Hyperliquid,-0.4005,-0.4005,0.0,1.0,1.0,0.0,0.0,0.10298571428571426,0.1550111111111111,0.0,Stable,False
2025-10-10,Hyperliquid,0.4215,0.4215,0.0,1.0,0.0,0.0,1.0,0.11504285714285713,0.18166,0.8220000000000001,Improving,False
2025-10-11,Hyperliquid,0.0022333333333333463,0.0,0.7960523496186248,3.0,1.0,1.0,1.0,0.0672047619047619,0.16534848484848483,-0.4192666666666666,Declining,False
2025-10-12,Hyperliquid,-0.026366666666666667,0.0,0.29044896855271035,3.0,1.0,1.0,1.0,-0.02423333333333334,0.1493722222222222,-0.028600000000000014,Declining,False
2025-10-13,Hyperliquid,-0.026366666666666667,0.0,0.29044896855271035,3.0,1.0,1.0,1.0,-0.04471428571428572,0.13585384615384613,0.0,Stable,False
2025-10-14,Hyperliquid,0.101575,0.0,0.20315,4.0,0.0,3.0,1.0,-0.04691785714285716,0.13340535714285712,0.12794166666666668,Improving,False
2025-10-15,Hyperliquid,0.0,0.0,0.0,1.0,0.0,1.0,0.0,0.010296428571428571,0.12451166666666665,-0.101575,Declining,False
2025-10-16,Hyperliquid,-0.3597,-0.3597,0.0,1.0,1.0,0.0,0.0,0.016125,0.09424843749999998,-0.3597,Declining,False
2025-10-17,Hyperliquid,-0.3597,-0.3597,0.0,1.0,1.0,0.0,0.0,-0.095475,0.06754558823529411,0.0,Stable,False
2025-10-18,Hyperliquid,-0.12219999999999999,-0.12219999999999999,0.24579031714044391,2.0,1.0,0.0,1.0,-0.11325119047619048,0.05700416666666665,0.23750000000000004,Improving,False
2025-10-19,Hyperliquid,0.6476666666666667,0.6369,0.194473657170665,3.0,0.0,0.0,3.0,-0.01696071428571428,0.08809166666666665,0.7698666666666667,Improving,True
2025-10-20,Hyperliquid,0.2507666666666667,0.3907,0.6329102964349161,3.0,1.0,0.0,2.0,0.02262976190476191,0.09622541666666666,-0.39690000000000003,Declining,False
2025-10-21,Hyperliquid,0.4588,0.4588,0.0,1.0,0.0,0.0,1.0,0.07366190476190478,0.11349087301587299,0.2080333333333333,Improving,False
2025-10-22,Hyperliquid,0.11407499999999998,0.1976,0.5709224546001556,4.0,1.0,1.0,2.0,0.08995833333333333,0.11351742424242423,-0.344725,Declining,False
2025-10-23,Hyperliquid,0.4497,0.4497,0.0,1.0,0.0,0.0,1.0,0.20558690476190478,0.1281340579710145,0.335625,Improving,False
2025-10-24,Hyperliquid,0.7015,0.7015,0.0,1.0,0.0,0.0,1.0,0.35718690476190484,0.15202430555555554,0.2518,Improving,False
2025-10-25,Hyperliquid,-0.052079999999999994,0.0701,0.4366591370852098,5.0,2.0,0.0,3.0,0.3672040476190476,0.14386013333333333,-0.75358,Declining,False
2025-10-26,Hyperliquid,0.32826666666666665,0.47695,0.6121595532756691,6.0,1.0,1.0,4.0,0.32157547619047616,0.1509526923076923,0.38034666666666667,Improving,False
2025-10-27,Hyperliquid,0.44395,0.44395,0.6278401110155356,2.0,0.0,1.0,1.0,0.34917309523809525,0.16180444444444445,0.11568333333333336,Improving,False
2025-10-28,Hyperliquid,0.1378,0.0,0.5756063064282739,4.0,1.0,2.0,1.0,0.3033159523809524,0.16094714285714287,-0.30615000000000003,Declining,False
2025-10-29,Hyperliquid,0.54895,0.54895,0.2632558546357517,2.0,0.0,0.0,2.0,0.36544095238095237,0.1743265517241379,0.41115,Improving,False
2025-10-30,Hyperliquid,0.3839666666666666,0.4588,0.576504243985535,3.0,1.0,0.0,2.0,0.3560504761904762,0.18131455555555556,-0.16498333333333343,Declining,False
2025-10-31,Hyperliquid,0.807525,0.81225,0.06656362244750005,4.0,0.0,0.0,4.0,0.3711969047619048,0.19699538888888887,0.4235583333333334,Improving,False
2025-11-01,Hyperliquid,0.5574,0.5574,0.0,1.0,0.0,0.0,1.0,0.45826547619047625,0.20433872222222224,-0.25012500000000004,Declining,False
2025-11-02,Hyperliquid,0.2684,0.2684,0.0,1.0,0.0,0.0,1.0,0.4497130952380952,0.2020487222222222,-0.289,Declining,False
2025-11-03,Hyperliquid,0.2684,0.2684,0.0,1.0,0.0,0.0,1.0,0.4246345238095239,0.1997587222222222,0.0,Stable,False
2025-11-04,Hyperliquid,-0.128,-0.128,0.0,1.0,1.0,0.0,0.0,0.3866630952380952,0.1750353888888889,-0.39640000000000003,Declining,False
2025-11-05,Hyperliquid,-0.128,-0.128,0.0,1.0,1.0,0.0,0.0,0.28995595238095234,0.16686872222222224,0.0,Stable,False
2025-11-06,Hyperliquid,-0.128,-0.128,0.0,1.0,1.0,0.0,0.0,0.21681785714285715,0.15870205555555558,0.0,Stable,False
2025-11-07,Hyperliquid,-0.128,-0.128,0.0,1.0,1.0,0.0,0.0,0.08317142857142858,0.16778538888888891,0.0,Stable,False
2025-11-08,Hyperliquid,-0.128,-0.128,0.0,1.0,1.0,0.0,0.0,-0.014742857142857137,0.17686872222222222,0.0,Stable,False
2025-11-09,Hyperliquid,-0.128,-0.128,0.0,1.0,1.0,0.0,0.0,-0.07137142857142857,0.15855205555555554,0.0,Stable,False
2025-11-10,Hyperliquid,-0.128,-0.128,0.0,1.0,1.0,0.0,0.0,-0.128,0.15421094444444444,0.0,Stable,False
2025-11-11,Hyperliquid,-0.128,-0.128,0.0,1.0,1.0,0.0,0.0,-0.128,0.15082316666666665,0.0,Stable,False
2025-11-12,Hyperliquid,0.765,0.765,0.0,1.0,0.0,0.0,1.0,-0.00042857142857142893,0.17720205555555557,0.893,Improving,True
2025-11-13,Hyperliquid,0.765,0.765,0.0,1.0,0.0,0.0,1.0,0.12714285714285714,0.1993162222222222,0.0,Stable,False
2025-09-30,Internet Computer,,,,,,,,,,,Stable,False
2025-10-01,Internet Computer,0.8779,0.8779,0.0,1.0,0.0,0.0,1.0,0.8779,0.8779,,Stable,False
2025-10-02,Internet Computer,0.8779,0.8779,0.0,1.0,0.0,0.0,1.0,0.8779,0.8779,0.0,Stable,False
2025-10-03,Internet Computer,0.8779,0.8779,0.0,1.0,0.0,0.0,1.0,0.8779,0.8779,0.0,Stable,False
2025-10-04,Internet Computer,0.8779,0.8779,0.0,1.0,0.0,0.0,1.0,0.8779,0.8779,0.0,Stable,False
2025-10-05,Internet Computer,0.8779,0.8779,0.0,1.0,0.0,0.0,1.0,0.8779,0.8779,0.0,Stable,False
2025-10-06,Internet Computer,0.8779,0.8779,0.0,1.0,0.0,0.0,1.0,0.8779,0.8779,0.0,Stable,False
2025-10-07,Internet Computer,0.8779,0.8779,0.0,1.0,0.0,0.0,1.0,0.8779,0.8779,0.0,Stable,False
2025-10-08,Internet Computer,0.8779,0.8779,0.0,1.0,0.0,0.0,1.0,0.8779,0.8779,0.0,Stable,False
2025-10-09,Internet Computer,0.8779,0.8779,0.0,1.0,0.0,0.0,1.0,0.8779,0.8779,0.0,Stable,False
2025-10-10,Internet Computer,0.8779,0.8779,0.0,1.0,0.0,0.0,1.0,0.8779,0.8779,0.0,Stable,False
2025-10-11,Internet Computer,0.8779,0.8779,0.0,1.0,0.0,0.0,1.0,0.8779,0.8779,0.0,Stable,False
2025-10-12,Internet Computer,0.8779,0.8779,0.0,1.0,0.0,0.0,1.0,0.8779,0.8779,0.0,Stable,False
2025-10-13,Internet Computer,0.8779,0.8779,0.0,1.0,0.0,0.0,1.0,0.8779,0.8779,0.0,Stable,False
2025-10-14,Internet Computer,0.8779,0.8779,0.0,1.0,0.0,0.0,1.0,0.8779,0.8779,0.0,Stable,False
2025-10-15,Internet Computer,0.8779,0.8779,0.0,1.0,0.0,0.0,1.0,0.8779,0.8779,0.0,Stable,False
2025-10-16,Internet Computer,0.8779,0.8779,0.0,1.0,0.0,0.0,1.0,0.8779,0.8779,0.0,Stable,False
2025-10-17,Internet Computer,0.8779,0.8779,0.0,1.0,0.0,0.0,1.0,0.8779,0.8779,0.0,Stable,False
2025-10-18,Internet Computer,0.8779,0.8779,0.0,1.0,0.0,0.0,1.0,0.8779,0.8779,0.0,Stable,False
2025-10-19,Internet Computer,0.8779,0.8779,0.0,1.0,0.0,0.0,1.0,0.8779,0.8779,0.0,Stable,False
2025-10-20,Internet Computer,0.0,0.0,0.0,1.0,0.0,1.0,0.0,0.7524857142857143,0.834005,-0.8779,Declining,True
2025-10-21,Internet Computer,-0.127075,-0.1351,0.2935795562251114,4.0,2.0,1.0,1.0,0.6089178571428571,0.7882392857142858,-0.127075,Declining,True
2025-10-22,Internet Computer,0.22390000000000002,0.22390000000000002,0.7352496310777722,2.0,1.0,0.0,1.0,0.5154892857142858,0.7625875,0.35097500000000004,Improving,False
2025-10-23,Internet Computer,-0.4767,-0.4767,0.0,1.0,1.0,0.0,0.0,0.321975,0.7087054347826087,-0.7006,Declining,True
2025-10-24,Internet Computer,-0.4767,-0.4767,0.0,1.0,1.0,0.0,0.0,0.12846071428571432,0.6593135416666667,0.0,Stable,False
2025-10-25,Internet Computer,-0.4767,-0.4767,0.0,1.0,1.0,0.0,0.0,-0.06505357142857142,0.613873,0.0,Stable,False
2025-10-26,Internet Computer,0.4404,0.4404,0.0,1.0,0.0,0.0,1.0,-0.12755357142857143,0.6072009615384615,0.9171,Improving,False
2025-10-27,Internet Computer,0.6705,0.6705,0.0,1.0,0.0,0.0,1.0,-0.03176785714285714,0.6095453703703704,0.23009999999999997,Improving,True
2025-10-28,Internet Computer,0.6705,0.6705,0.0,1.0,0.0,0.0,1.0,0.08217142857142856,0.6117223214285714,0.0,Stable,False
2025-10-29,Internet Computer,-0.1779,-0.1779,0.0,1.0,1.0,0.0,0.0,0.02477142857142858,0.5844939655172413,-0.8484,Declining,False
2025-10-30,Internet Computer,-0.1779,-0.1779,0.0,1.0,1.0,0.0,0.0,0.06745714285714287,0.5590808333333334,0.0,Stable,False
2025-10-31,Internet Computer,-0.1779,-0.1779,0.0,1.0,1.0,0.0,0.0,0.11014285714285717,0.5238875000000001,0.0,Stable,False
2025-11-01,Internet Computer,-0.1779,-0.1779,0.0,1.0,1.0,0.0,0.0,0.1528285714285714,0.48869416666666665,0.0,Stable,False
2025-11-02,Internet Computer,-0.1779,-0.1779,0.0,1.0,1.0,0.0,0.0,0.06450000000000002,0.45350083333333335,0.0,Stable,False
2025-11-03,Internet Computer,-0.1779,-0.1779,0.0,1.0,1.0,0.0,0.0,-0.056699999999999987,0.4183075,0.0,Stable,False
2025-11-04,Internet Computer,0.3612,0.3612,0.0,1.0,0.0,0.0,1.0,-0.10088571428571427,0.40108416666666663,0.5391,Improving,False
2025-11-05,Internet Computer,0.3612,0.3612,0.0,1.0,0.0,0.0,1.0,-0.02387142857142856,0.3838608333333333,0.0,Stable,False
2025-11-06,Internet Computer,0.3612,0.3612,0.0,1.0,0.0,0.0,1.0,0.053142857142857165,0.3666375,0.0,Stable,False
2025-11-07,Internet Computer,-0.3612,-0.3612,0.0,1.0,1.0,0.0,0.0,0.026957142857142877,0.32533416666666665,-0.7224,Declining,False
2025-11-08,Internet Computer,-0.3612,-0.3612,0.0,1.0,1.0,0.0,0.0,0.0007714285714285896,0.28403083333333334,0.0,Stable,False
2025-11-09,Internet Computer,-0.3612,-0.3612,0.0,1.0,1.0,0.0,0.0,-0.0254142857142857,0.2427275,0.0,Stable,False
2025-11-10,Internet Computer,-0.3612,-0.3612,0.0,1.0,1.0,0.0,0.0,-0.051599999999999986,0.20142416666666665,0.0,Stable,False
2025-11-11,Internet Computer,-0.3612,-0.3612,0.0,1.0,1.0,0.0,0.0,-0.1548,0.16012083333333335,0.0,Stable,False
2025-11-12,Internet Computer,-0.3612,-0.3612,0.0,1.0,1.0,0.0,0.0,-0.258,0.1188175,0.0,Stable,False
2025-11-13,Internet Computer,-0.3612,-0.3612,0.0,1.0,1.0,0.0,0.0,-0.3612,0.07751416666666668,0.0,Stable,False
2025-09-30,Kaspa,,,,,,,,,,,Stable,False
2025-10-01,Kaspa,,,,,,,,,,,Stable,False
2025-10-02,Kaspa,,,,,,,,,,,Stable,False
2025-10-03,Kaspa,,,,,,,,,,,Stable,False
2025-10-04,Kaspa,,,,,,,,,,,Stable,False
2025-10-05,Kaspa,,,,,,,,,,,Stable,False
2025-10-06,Kaspa,,,,,,,,,,,Stable,False
2025-10-07,Kaspa,,,,,,,,,,,Stable,False
2025-10-08,Kaspa,,,,,,,,,,,Stable,False
2025-10-09,Kaspa,,,,,,,,,,,Stable,False
2025-10-10,Kaspa,,,,,,,,,,,Stable,False
2025-10-11,Kaspa,,,,,,,,,,,Stable,False
2025-10-12,Kaspa,,,,,,,,,,,Stable,False
2025-10-13,Kaspa,,,,,,,,,,,Stable,False
2025-10-14,Kaspa,,,,,,,,,,,Stable,False
2025-10-15,Kaspa,,,,,,,,,,,Stable,False
2025-10-16,Kaspa,0.6486,0.6486,0.0,1.0,0.0,0.0,1.0,0.6486,0.6486,,Stable,False
2025-10-17,Kaspa,0.6486,0.6486,0.0,1.0,0.0,0.0,1.0,0.6486,0.6486,0.0,Stable,False
2025-10-18,Kaspa,0.6486,0.6486,0.0,1.0,0.0,0.0,1.0,0.6486,0.6486,0.0,Stable,False
2025-10-19,Kaspa,0.6486,0.6486,0.0,1.0,0.0,0.0,1.0,0.6486,0.6486,0.0,Stable,False
2025-10-20,Kaspa,0.6486,0.6486,0.0,1.0,0.0,0.0,1.0,0.6486,0.6486,0.0,Stable,False
2025-10-21,Kaspa,0.6486,0.6486,0.0,1.0,0.0,0.0,1.0,0.6486,0.6486,0.0,Stable,False
2025-10-22,Kaspa,-0.13658333333333333,-0.24535,0.5547136429426147,6.0,3.0,0.0,3.0,0.5364309523809523,0.5364309523809523,-0.7851833333333333,Declining,True
2025-10-23,Kaspa,-0.334525,-0.30665000000000003,0.3594893357249976,4.0,3.0,1.0,0.0,0.39598452380952376,0.4275614583333333,-0.19794166666666668,Declining,True
2025-10-24,Kaspa,0.0,0.0,0.0,1.0,0.0,1.0,0.0,0.303327380952381,0.3800546296296296,0.334525,Improving,True
2025-10-25,Kaspa,0.0,0.0,0.0,1.0,0.0,1.0,0.0,0.2106702380952381,0.3420491666666666,0.0,Stable,False
2025-10-26,Kaspa,0.0,0.0,0.0,1.0,0.0,1.0,0.0,0.11801309523809522,0.31095378787878786,0.0,Stable,False
2025-10-27,Kaspa,0.0,0.0,0.0,1.0,0.0,1.0,0.0,0.02535595238095237,0.2850409722222222,0.0,Stable,False
2025-10-28,Kaspa,0.0,0.0,0.0,1.0,0.0,1.0,0.0,-0.06730119047619047,0.26311474358974357,0.0,Stable,False
2025-10-29,Kaspa,0.0,0.0,0.0,1.0,0.0,1.0,0.0,-0.047789285714285715,0.24432083333333332,0.0,Stable,False
2025-10-30,Kaspa,0.0,0.0,0.0,1.0,0.0,1.0,0.0,0.0,0.22803277777777778,0.0,Stable,False
2025-10-31,Kaspa,0.0,0.0,0.0,1.0,0.0,1.0,0.0,0.0,0.21378072916666666,0.0,Stable,False
2025-11-01,Kaspa,0.0,0.0,0.0,1.0,0.0,1.0,0.0,0.0,0.20120539215686273,0.0,Stable,False
2025-11-02,Kaspa,0.0,0.0,0.0,1.0,0.0,1.0,0.0,0.0,0.1900273148148148,0.0,Stable,False
2025-11-03,Kaspa,0.0,0.0,0.0,1.0,0.0,1.0,0.0,0.0,0.18002587719298244,0.0,Stable,False
2025-11-04,Kaspa,0.0,0.0,0.0,1.0,0.0,1.0,0.0,0.0,0.1710245833333333,0.0,Stable,False
2025-11-05,Kaspa,0.0,0.0,0.0,1.0,0.0,1.0,0.0,0.0,0.16288055555555556,0.0,Stable,False
2025-11-06,Kaspa,0.0,0.0,0.0,1.0,0.0,1.0,0.0,0.0,0.15547689393939393,0.0,Stable,False
2025-11-07,Kaspa,0.0,0.0,0.0,1.0,0.0,1.0,0.0,0.0,0.14871702898550723,0.0,Stable,False
2025-11-08,Kaspa,0.0,0.0,0.0,1.0,0.0,1.0,0.0,0.0,0.1425204861111111,0.0,Stable,False
2025-11-09,Kaspa,0.0,0.0,0.0,1.0,0.0,1.0,0.0,0.0,0.13681966666666667,0.0,Stable,False
2025-11-10,Kaspa,0.0,0.0,0.0,1.0,0.0,1.0,0.0,0.0,0.13155737179487179,0.0,Stable,False
2025-11-11,Kaspa,0.0,0.0,0.0,1.0,0.0,1.0,0.0,0.0,0.12668487654320987,0.0,Stable,False
2025-11-12,Kaspa,0.0,0.0,0.0,1.0,0.0,1.0,0.0,0.0,0.12216041666666666,0.0,Stable,False
2025-11-13,Kaspa,0.0,0.0,0.0,1.0,0.0,1.0,0.0,0.0,0.11794798850574711,0.0,Stable,False
2025-09-30,Litecoin,,,,,,,,,,,Stable,False
2025-10-01,Litecoin,0.6439,0.6439,0.39979817408287394,2.0,0.0,0.0,2.0,0.6439,0.6439,,Stable,False
2025-10-02,Litecoin,0.6439,0.6439,0.39979817408287394,2.0,0.0,0.0,2.0,0.6439,0.6439,0.0,Stable,False
2025-10-03,Litecoin,0.6774,0.6774,0.0,1.0,0.0,0.0,1.0,0.6550666666666667,0.6550666666666667,0.033499999999999974,Improving,False
2025-10-04,Litecoin,0.6774,0.6774,0.0,1.0,0.0,0.0,1.0,0.66065,0.66065,0.0,Stable,False
2025-10-05,Litecoin,0.6774,0.6774,0.0,1.0,0.0,0.0,1.0,0.664,0.664,0.0,Stable,False
2025-10-06,Litecoin,0.6774,0.6774,0.0,1.0,0.0,0.0,1.0,0.6662333333333333,0.6662333333333333,0.0,Stable,False
2025-10-07,Litecoin,0.6774,0.6774,0.0,1.0,0.0,0.0,1.0,0.6678285714285714,0.6678285714285714,0.0,Stable,False
2025-10-08,Litecoin,0.6774,0.6774,0.0,1.0,0.0,0.0,1.0,0.6726142857142856,0.669025,0.0,Stable,False
2025-10-09,Litecoin,0.6774,0.6774,0.0,1.0,0.0,0.0,1.0,0.6774,0.6699555555555556,0.0,Stable,False
2025-10-10,Litecoin,0.012166666666666668,-0.0258,0.08904304202650162,3.0,1.0,1.0,1.0,0.5823666666666666,0.6041766666666667,-0.6652333333333333,Declining,True
2025-10-11,Litecoin,0.5137,0.6124,0.47215165995684055,3.0,0.0,1.0,2.0,0.5589809523809525,0.5959515151515151,0.5015333333333334,Improving,False
2025-10-12,Litecoin,0.5137,0.6124,0.47215165995684055,3.0,0.0,1.0,2.0,0.5355952380952381,0.5890972222222223,0.0,Stable,False
2025-10-13,Litecoin,0.5137,0.6124,0.47215165995684055,3.0,0.0,1.0,2.0,0.5122095238095239,0.5832974358974359,0.0,Stable,False
2025-10-14,Litecoin,0.5137,0.6124,0.47215165995684055,3.0,0.0,1.0,2.0,0.4888238095238095,0.5783261904761906,0.0,Stable,False
2025-10-15,Litecoin,0.5137,0.6124,0.47215165995684055,3.0,0.0,1.0,2.0,0.4654380952380953,0.5740177777777778,0.0,Stable,False
2025-10-16,Litecoin,0.5137,0.6124,0.47215165995684055,3.0,0.0,1.0,2.0,0.442052380952381,0.5702479166666667,0.0,Stable,False
2025-10-17,Litecoin,0.5137,0.6124,0.47215165995684055,3.0,0.0,1.0,2.0,0.5137,0.566921568627451,0.0,Stable,False
2025-10-18,Litecoin,0.5137,0.6124,0.47215165995684055,3.0,0.0,1.0,2.0,0.5137,0.5639648148148149,0.0,Stable,False
2025-10-19,Litecoin,0.0386,0.0386,0.054588643507601474,2.0,0.0,1.0,1.0,0.4458285714285715,0.5363140350877194,-0.4751,Declining,False
2025-10-20,Litecoin,-0.2894,-0.1139,0.40662305640482316,3.0,2.0,1.0,0.0,0.33110000000000006,0.4950283333333333,-0.328,Declining,True
2025-10-21,Litecoin,0.6808,0.6808,0.0,1.0,0.0,0.0,1.0,0.35497142857142855,0.5038746031746032,0.9702,Improving,False
2025-10-22,Litecoin,0.6808,0.6808,0.0,1.0,0.0,0.0,1.0,0.37884285714285715,0.5119166666666667,0.0,Stable,False
2025-10-23,Litecoin,0.9914,0.9914,0.0,1.0,0.0,0.0,1.0,0.44708571428571425,0.5327637681159421,0.3106,Improving,True
2025-10-24,Litecoin,0.0,0.0,0.0,1.0,0.0,1.0,0.0,0.3737,0.5105652777777778,-0.9914,Declining,False
2025-10-25,Litecoin,0.0,0.0,0.0,1.0,0.0,1.0,0.0,0.3003142857142857,0.4901426666666667,0.0,Stable,False
2025-10-26,Litecoin,0.3612,0.3612,0.0,1.0,0.0,0.0,1.0,0.3464,0.4851833333333333,0.3612,Improving,False
2025-10-27,Litecoin,0.3612,0.3612,0.0,1.0,0.0,0.0,1.0,0.4393428571428571,0.48059135802469133,0.0,Stable,False
2025-10-28,Litecoin,-0.20095,-0.20095,0.28418621535887345,2.0,1.0,1.0,0.0,0.3133785714285714,0.45625059523809525,-0.56215,Declining,True
2025-10-29,Litecoin,-0.20095,-0.20095,0.28418621535887345,2.0,1.0,1.0,0.0,0.18741428571428573,0.43358850574712643,0.0,Stable,False
2025-10-30,Litecoin,-0.20095,-0.20095,0.28418621535887345,2.0,1.0,1.0,0.0,0.01707857142857144,0.41243722222222223,0.0,Stable,False
2025-10-31,Litecoin,0.5106,0.5106,0.0,1.0,0.0,0.0,1.0,0.09002142857142859,0.4079938888888889,0.71155,Improving,False
2025-11-01,Litecoin,-0.28595,-0.28595,0.4043943681605865,2.0,1.0,1.0,0.0,0.04917142857142859,0.3769988888888889,-0.7965500000000001,Declining,False
2025-11-02,Litecoin,-0.28595,-0.28595,0.4043943681605865,2.0,1.0,1.0,0.0,-0.04327857142857141,0.34488722222222223,0.0,Stable,False
2025-11-03,Litecoin,-0.28595,-0.28595,0.4043943681605865,2.0,1.0,1.0,0.0,-0.13572857142857142,0.3127755555555556,0.0,Stable,False
2025-11-04,Litecoin,-0.28595,-0.28595,0.4043943681605865,2.0,1.0,1.0,0.0,-0.14787142857142857,0.28066388888888893,0.0,Stable,False
2025-11-05,Litecoin,-0.28595,-0.28595,0.4043943681605865,2.0,1.0,1.0,0.0,-0.1600142857142857,0.24855222222222223,0.0,Stable,False
2025-11-06,Litecoin,-0.28595,-0.28595,0.4043943681605865,2.0,1.0,1.0,0.0,-0.17215714285714284,0.21644055555555558,0.0,Stable,False
2025-11-07,Litecoin,-0.28595,-0.28595,0.4043943681605865,2.0,1.0,1.0,0.0,-0.28595,0.1843288888888889,0.0,Stable,False
2025-11-08,Litecoin,-0.28595,-0.28595,0.4043943681605865,2.0,1.0,1.0,0.0,-0.28595,0.15221722222222223,0.0,Stable,False
2025-11-09,Litecoin,-0.28595,-0.28595,0.4043943681605865,2.0,1.0,1.0,0.0,-0.28595,0.14228000000000002,0.0,Stable,False
2025-11-10,Litecoin,-0.28595,-0.28595,0.4043943681605865,2.0,1.0,1.0,0.0,-0.28595,0.11562500000000002,0.0,Stable,False
2025-11-11,Litecoin,-0.28595,-0.28595,0.4043943681605865,2.0,1.0,1.0,0.0,-0.28595,0.08897000000000001,0.0,Stable,False
2025-11-12,Litecoin,-0.28595,-0.28595,0.4043943681605865,2.0,1.0,1.0,0.0,-0.28595,0.062315000000000016,0.0,Stable,False
2025-11-13,Litecoin,-0.28595,-0.28595,0.4043943681605865,2.0,1.0,1.0,0.0,-0.28595,0.03566000000000001,0.0,Stable,False
2025-09-30,Mantle,,,,,,,,,,,Stable,False
2025-10-01,Mantle,,,,,,,,,,,Stable,False
2025-10-02,Mantle,,,,,,,,,,,Stable,False
2025-10-03,Mantle,,,,,,,,,,,Stable,False
2025-10-04,Mantle,,,,,,,,,,,Stable,False
2025-10-05,Mantle,,,,,,,,,,,Stable,False
2025-10-06,Mantle,,,,,,,,,,,Stable,False
2025-10-07,Mantle,,,,,,,,,,,Stable,False
2025-10-08,Mantle,,,,,,,,,,,Stable,False
2025-10-09,Mantle,,,,,,,,,,,Stable,False
2025-10-10,Mantle,0.34,0.34,0.0,1.0,0.0,0.0,1.0,0.34,0.34,,Stable,False
2025-10-11,Mantle,0.34,0.34,0.0,1.0,0.0,0.0,1.0,0.34,0.34,0.0,Stable,False
2025-10-12,Mantle,0.34,0.34,0.0,1.0,0.0,0.0,1.0,0.34,0.34,0.0,Stable,False
2025-10-13,Mantle,0.34,0.34,0.0,1.0,0.0,0.0,1.0,0.34,0.34,0.0,Stable,False
2025-10-14,Mantle,0.34,0.34,0.0,1.0,0.0,0.0,1.0,0.34,0.34,0.0,Stable,False
2025-10-15,Mantle,0.34,0.34,0.0,1.0,0.0,0.0,1.0,0.34,0.34,0.0,Stable,False
2025-10-16,Mantle,0.34,0.34,0.0,1.0,0.0,0.0,1.0,0.34,0.34,0.0,Stable,False
2025-10-17,Mantle,0.34,0.34,0.0,1.0,0.0,0.0,1.0,0.34,0.34,0.0,Stable,False
2025-10-18,Mantle,0.34,0.34,0.0,1.0,0.0,0.0,1.0,0.34,0.34,0.0,Stable,False
2025-10-19,Mantle,0.34,0.34,0.0,1.0,0.0,0.0,1.0,0.34,0.34,0.0,Stable,False
2025-10-20,Mantle,0.34,0.34,0.0,1.0,0.0,0.0,1.0,0.34,0.34,0.0,Stable,False
2025-10-21,Mantle,0.34,0.34,0.0,1.0,0.0,0.0,1.0,0.34,0.34,0.0,Stable,False
2025-10-22,Mantle,0.34,0.34,0.0,1.0,0.0,0.0,1.0,0.34,0.34,0.0,Stable,False
2025-10-23,Mantle,0.34,0.34,0.0,1.0,0.0,0.0,1.0,0.34,0.34,0.0,Stable,False
2025-10-24,Mantle,0.34,0.34,0.0,1.0,0.0,0.0,1.0,0.34,0.34,0.0,Stable,False
2025-10-25,Mantle,0.34,0.34,0.0,1.0,0.0,0.0,1.0,0.34,0.34,0.0,Stable,False
2025-10-26,Mantle,0.34,0.34,0.0,1.0,0.0,0.0,1.0,0.34,0.34,0.0,Stable,False
2025-10-27,Mantle,0.34,0.34,0.0,1.0,0.0,0.0,1.0,0.34,0.34,0.0,Stable,False
2025-10-28,Mantle,0.34,0.34,0.0,1.0,0.0,0.0,1.0,0.34,0.34,0.0,Stable,False
2025-10-29,Mantle,0.34,0.34,0.0,1.0,0.0,0.0,1.0,0.34,0.34,0.0,Stable,False
2025-10-30,Mantle,0.34,0.34,0.0,1.0,0.0,0.0,1.0,0.34,0.34,0.0,Stable,False
2025-10-31,Mantle,0.34,0.34,0.0,1.0,0.0,0.0,1.0,0.34,0.34,0.0,Stable,False
2025-11-01,Mantle,0.34,0.34,0.0,1.0,0.0,0.0,1.0,0.34,0.34,0.0,Stable,False
2025-11-02,Mantle,0.34,0.34,0.0,1.0,0.0,0.0,1.0,0.34,0.34,0.0,Stable,False
2025-11-03,Mantle,0.34,0.34,0.0,1.0,0.0,0.0,1.0,0.34,0.34,0.0,Stable,False
2025-11-04,Mantle,0.34,0.34,0.0,1.0,0.0,0.0,1.0,0.34,0.34,0.0,Stable,False
2025-11-05,Mantle,0.34,0.34,0.0,1.0,0.0,0.0,1.0,0.34,0.34,0.0,Stable,False
2025-11-06,Mantle,0.34,0.34,0.0,1.0,0.0,0.0,1.0,0.34,0.34,0.0,Stable,False
2025-11-07,Mantle,0.34,0.34,0.0,1.0,0.0,0.0,1.0,0.34,0.34,0.0,Stable,False
2025-11-08,Mantle,0.34,0.34,0.0,1.0,0.0,0.0,1.0,0.34,0.34,0.0,Stable,False
2025-11-09,Mantle,0.34,0.34,0.0,1.0,0.0,0.0,1.0,0.34,0.34,0.0,Stable,False
2025-11-10,Mantle,0.34,0.34,0.0,1.0,0.0,0.0,1.0,0.34,0.34,0.0,Stable,False
2025-11-11,Mantle,0.34,0.34,0.0,1.0,0.0,0.0,1.0,0.34,0.34,0.0,Stable,False
2025-11-12,Mantle,0.34,0.34,0.0,1.0,0.0,0.0,1.0,0.34,0.34,0.0,Stable,False
2025-11-13,Mantle,0.34,0.34,0.0,1.0,0.0,0.0,1.0,0.34,0.34,0.0,Stable,False
2025-09-30,Monero,0.0,0.0,0.0,1.0,0.0,1.0,0.0,0.0,0.0,,Stable,False
2025-10-01,Monero,0.0,0.0,0.0,1.0,0.0,1.0,0.0,0.0,0.0,0.0,Stable,False
2025-10-02,Monero,0.0,0.0,0.0,1.0,0.0,1.0,0.0,0.0,0.0,0.0,Stable,False
2025-10-03,Monero,0.0,0.0,0.0,1.0,0.0,1.0,0.0,0.0,0.0,0.0,Stable,False
2025-10-04,Monero,0.0,0.0,0.0,1.0,0.0,1.0,0.0,0.0,0.0,0.0,Stable,False
2025-10-05,Monero,0.0,0.0,0.0,1.0,0.0,1.0,0.0,0.0,0.0,0.0,Stable,False
2025-10-06,Monero,0.0,0.0,0.0,1.0,0.0,1.0,0.0,0.0,0.0,0.0,Stable,False
2025-10-07,Monero,0.0,0.0,0.0,1.0,0.0,1.0,0.0,0.0,0.0,0.0,Stable,False
2025-10-08,Monero,0.0,0.0,0.0,1.0,0.0,1.0,0.0,0.0,0.0,0.0,Stable,False
2025-10-09,Monero,0.0,0.0,0.0,1.0,0.0,1.0,0.0,0.0,0.0,0.0,Stable,False
2025-10-10,Monero,0.0857,0.0857,0.0,1.0,0.0,0.0,1.0,0.012242857142857142,0.0077909090909090905,0.0857,Improving,False
2025-10-11,Monero,0.0857,0.0857,0.0,1.0,0.0,0.0,1.0,0.024485714285714284,0.014283333333333334,0.0,Stable,False
2025-10-12,Monero,0.0857,0.0857,0.0,1.0,0.0,0.0,1.0,0.03672857142857143,0.019776923076923077,0.0,Stable,False
2025-10-13,Monero,0.0857,0.0857,0.0,1.0,0.0,0.0,1.0,0.04897142857142857,0.024485714285714284,0.0,Stable,False
2025-10-14,Monero,0.0857,0.0857,0.0,1.0,0.0,0.0,1.0,0.061214285714285714,0.028566666666666667,0.0,Stable,False
2025-10-15,Monero,0.0857,0.0857,0.0,1.0,0.0,0.0,1.0,0.07345714285714286,0.0321375,0.0,Stable,False
2025-10-16,Monero,0.0857,0.0857,0.0,1.0,0.0,0.0,1.0,0.0857,0.03528823529411765,0.0,Stable,False
2025-10-17,Monero,0.0857,0.0857,0.0,1.0,0.0,0.0,1.0,0.0857,0.03808888888888889,0.0,Stable,False
2025-10-18,Monero,0.0857,0.0857,0.0,1.0,0.0,0.0,1.0,0.0857,0.04059473684210526,0.0,Stable,False
2025-10-19,Monero,0.0857,0.0857,0.0,1.0,0.0,0.0,1.0,0.0857,0.04285,0.0,Stable,False
2025-10-20,Monero,0.0857,0.0857,0.0,1.0,0.0,0.0,1.0,0.0857,0.04489047619047619,0.0,Stable,False
2025-10-21,Monero,0.0857,0.0857,0.0,1.0,0.0,0.0,1.0,0.0857,0.04674545454545454,0.0,Stable,False
2025-10-22,Monero,0.0857,0.0857,0.0,1.0,0.0,0.0,1.0,0.0857,0.04843913043478261,0.0,Stable,False
2025-10-23,Monero,0.0857,0.0857,0.0,1.0,0.0,0.0,1.0,0.0857,0.04999166666666666,0.0,Stable,False
2025-10-24,Monero,0.2998,0.2998,0.0,1.0,0.0,0.0,1.0,0.1162857142857143,0.059984,0.2141,Improving,False
2025-10-25,Monero,0.2998,0.2998,0.0,1.0,0.0,0.0,1.0,0.14687142857142857,0.0692076923076923,0.0,Stable,False
2025-10-26,Monero,0.17002857142857142,0.1744,0.5390397351253022,14.0,4.0,2.0,8.0,0.1589183673469388,0.07294179894179893,-0.1297714285714286,Declining,False
2025-10-27,Monero,0.5248,0.5248,0.3396940976820174,2.0,0.0,0.0,2.0,0.2216469387755102,0.08907959183673471,0.3547714285714286,Improving,True
2025-10-28,Monero,0.22126,0.0,0.31328702175481193,5.0,0.0,3.0,2.0,0.2410126530612245,0.09363753694581281,-0.30354000000000003,Declining,False
2025-10-29,Monero,0.5853333333333334,0.8316,0.44898715274864304,3.0,0.0,0.0,3.0,0.312388843537415,0.11002739682539683,0.36407333333333336,Improving,False
2025-10-30,Monero,0.4215,0.4215,0.0,1.0,0.0,0.0,1.0,0.3603602721088435,0.12407739682539683,-0.1638333333333334,Declining,False
2025-10-31,Monero,0.5023,0.5023,0.0,1.0,0.0,0.0,1.0,0.389288843537415,0.14082073015873015,0.08079999999999998,Improving,False
2025-11-01,Monero,0.9231,0.9231,0.0,1.0,0.0,0.0,1.0,0.47833170068027214,0.17159073015873016,0.42080000000000006,Improving,True
2025-11-02,Monero,0.9231,0.9231,0.0,1.0,0.0,0.0,1.0,0.5859133333333333,0.20236073015873016,0.0,Stable,True
2025-11-03,Monero,0.9231,0.9231,0.0,1.0,0.0,0.0,1.0,0.6428133333333333,0.23313073015873015,0.0,Stable,False
2025-11-04,Monero,0.9231,0.9231,0.0,1.0,0.0,0.0,1.0,0.7430761904761906,0.26390073015873017,0.0,Stable,False
2025-11-05,Monero,0.9231,0.9231,0.0,1.0,0.0,0.0,1.0,0.7913285714285714,0.29467073015873013,0.0,Stable,False
2025-11-06,Monero,0.9231,0.9231,0.0,1.0,0.0,0.0,1.0,0.8629857142857142,0.32544073015873015,0.0,Stable,False
2025-11-07,Monero,0.4019,0.4019,0.0,1.0,0.0,0.0,1.0,0.8486428571428571,0.3388373968253969,-0.5212000000000001,Declining,True
2025-11-08,Monero,0.4019,0.4019,0.0,1.0,0.0,0.0,1.0,0.7741857142857143,0.3522340634920635,0.0,Stable,True
2025-11-09,Monero,0.4019,0.4019,0.0,1.0,0.0,0.0,1.0,0.6997285714285715,0.3627740634920635,0.0,Stable,True
2025-11-10,Monero,0.4019,0.4019,0.0,1.0,0.0,0.0,1.0,0.6252714285714286,0.37331406349206353,0.0,Stable,False
2025-11-11,Monero,0.4019,0.4019,0.0,1.0,0.0,0.0,1.0,0.5508142857142857,0.3838540634920635,0.0,Stable,False
2025-11-12,Monero,0.4019,0.4019,0.0,1.0,0.0,0.0,1.0,0.4763571428571428,0.39439406349206346,0.0,Stable,False
2025-11-13,Monero,0.4019,0.4019,0.0,1.0,0.0,0.0,1.0,0.4019,0.40493406349206346,0.0,Stable,False
2025-09-30,NEAR Protocol,,,,,,,,,,,Stable,False
2025-10-01,NEAR Protocol,0.7152,0.7152,0.0,1.0,0.0,0.0,1.0,0.7152,0.7152,,Stable,False
2025-10-02,NEAR Protocol,0.5806,0.5806,0.0,1.0,0.0,0.0,1.0,0.6478999999999999,0.6478999999999999,-0.13459999999999994,Declining,False
2025-10-03,NEAR Protocol,0.23835,0.23835,0.33707780259162723,2.0,0.0,1.0,1.0,0.5113833333333333,0.5113833333333333,-0.34225,Declining,False
2025-10-04,NEAR Protocol,0.23835,0.23835,0.33707780259162723,2.0,0.0,1.0,1.0,0.443125,0.443125,0.0,Stable,False
2025-10-05,NEAR Protocol,0.30960000000000004,0.30960000000000004,0.3286632318955073,2.0,0.0,0.0,2.0,0.41642,0.41642,0.07125000000000004,Improving,False
2025-10-06,NEAR Protocol,0.30960000000000004,0.30960000000000004,0.3286632318955073,2.0,0.0,0.0,2.0,0.3986166666666667,0.3986166666666667,0.0,Stable,False
2025-10-07,NEAR Protocol,0.30960000000000004,0.30960000000000004,0.3286632318955073,2.0,0.0,0.0,2.0,0.3859,0.3859,0.0,Stable,False
2025-10-08,NEAR Protocol,0.0,0.0,0.0,1.0,0.0,1.0,0.0,0.28372857142857144,0.33766250000000003,-0.30960000000000004,Declining,False
2025-10-09,NEAR Protocol,-0.37729999999999997,-0.37729999999999997,0.32074363594621796,2.0,2.0,0.0,0.0,0.14688571428571429,0.25822222222222224,-0.37729999999999997,Declining,False
2025-10-10,NEAR Protocol,-0.1348,-0.1348,0.59764665145887,2.0,1.0,0.0,1.0,0.09357857142857147,0.21892,0.24249999999999997,Improving,False
2025-10-11,NEAR Protocol,0.33995,0.33995,0.48076190052873363,2.0,0.0,1.0,1.0,0.10809285714285717,0.22992272727272728,0.47475,Improving,False
2025-10-12,NEAR Protocol,-0.6808,-0.6808,0.0,1.0,1.0,0.0,0.0,-0.03339285714285712,0.1540291666666667,-1.02075,Declining,True
2025-10-13,NEAR Protocol,-0.6808,-0.6808,0.0,1.0,1.0,0.0,0.0,-0.1748785714285714,0.08981153846153848,0.0,Stable,False
2025-10-14,NEAR Protocol,0.6776,0.6776,0.38989867914626236,2.0,0.0,0.0,2.0,-0.12230714285714285,0.1317964285714286,1.3584,Improving,True
2025-10-15,NEAR Protocol,0.0,0.0,0.0,1.0,0.0,1.0,0.0,-0.12230714285714285,0.12301000000000002,-0.6776,Declining,False
2025-10-16,NEAR Protocol,0.1531,0.1531,0.0,1.0,0.0,0.0,1.0,-0.04653571428571428,0.124890625,0.1531,Improving,False
2025-10-17,NEAR Protocol,-0.09063333333333334,0.2023,0.6289337829480407,3.0,1.0,0.0,2.0,-0.04022619047619047,0.11221274509803922,-0.24373333333333336,Declining,False
2025-10-18,NEAR Protocol,-0.07306666666666665,0.0,0.31825408612197476,3.0,1.0,1.0,1.0,-0.09922857142857142,0.10191944444444445,0.01756666666666669,Improving,False
2025-10-19,NEAR Protocol,0.7324,0.7324,0.0,1.0,0.0,0.0,1.0,0.10265714285714288,0.1351026315789474,0.8054666666666667,Improving,False
2025-10-20,NEAR Protocol,-0.018000000000000016,-0.018000000000000016,1.1349063838044087,2.0,1.0,0.0,1.0,0.19734285714285713,0.12744750000000002,-0.7504000000000001,Declining,False
2025-10-21,NEAR Protocol,-0.018000000000000016,-0.018000000000000016,1.1349063838044087,2.0,1.0,0.0,1.0,0.09797142857142858,0.12052142857142858,0.0,Stable,False
2025-10-22,NEAR Protocol,-0.018000000000000016,-0.018000000000000016,1.1349063838044087,2.0,1.0,0.0,1.0,0.09540000000000001,0.11422500000000001,0.0,Stable,False
2025-10-23,NEAR Protocol,-0.16936666666666667,-0.3818,0.5866435402638756,3.0,2.0,0.0,1.0,0.04933333333333334,0.10189492753623189,-0.15136666666666665,Declining,False
2025-10-24,NEAR Protocol,0.27115,0.27115,0.3834640074374647,2.0,0.0,1.0,1.0,0.10101666666666667,0.10894722222222224,0.44051666666666667,Improving,False
2025-10-25,NEAR Protocol,-0.2838,-0.2838,0.8903888588701007,2.0,1.0,0.0,1.0,0.07091190476190476,0.09323733333333335,-0.55495,Declining,False
2025-10-26,NEAR Protocol,0.1098,0.0386,0.17202681961446206,4.0,0.0,2.0,2.0,-0.018030952380952387,0.09387435897435899,0.3936,Improving,False
2025-10-27,NEAR Protocol,0.2829,0.2415,0.4066019859764583,5.0,1.0,0.0,4.0,0.0249547619047619,0.10087530864197533,0.17309999999999998,Improving,False
2025-10-28,NEAR Protocol,-0.015999999999999997,-0.07655,0.5580035878020858,6.0,3.0,1.0,2.0,0.02524047619047619,0.0967011904761905,-0.2989,Declining,False
2025-10-29,NEAR Protocol,0.1517,0.1517,0.7687664925060145,2.0,1.0,0.0,1.0,0.04948333333333334,0.0985977011494253,0.1677,Improving,False
2025-10-30,NEAR Protocol,-0.0227,0.0258,0.1141578293416619,3.0,1.0,1.0,1.0,0.07043571428571428,0.09455444444444445,-0.1744,Declining,False
2025-10-31,NEAR Protocol,0.28175,0.28175,0.11235926753054241,2.0,0.0,0.0,2.0,0.07194999999999999,0.08010611111111113,0.30445,Improving,False
2025-11-01,NEAR Protocol,0.23335,0.23335,0.05635641046056783,2.0,0.0,0.0,2.0,0.14582857142857142,0.06853111111111113,-0.0484,Declining,False
2025-11-02,NEAR Protocol,0.23335,0.23335,0.05635641046056783,2.0,0.0,0.0,2.0,0.16347857142857142,0.06836444444444445,0.0,Stable,False
2025-11-03,NEAR Protocol,0.23335,0.23335,0.05635641046056783,2.0,0.0,0.0,2.0,0.1564,0.06819777777777779,0.0,Stable,False
2025-11-04,NEAR Protocol,0.23335,0.23335,0.05635641046056783,2.0,0.0,0.0,2.0,0.19202142857142857,0.06565611111111111,0.0,Stable,False
2025-11-05,NEAR Protocol,0.23335,0.23335,0.05635641046056783,2.0,0.0,0.0,2.0,0.2036857142857143,0.06311444444444446,0.0,Stable,False
2025-11-06,NEAR Protocol,-0.4503,-0.4503,0.0,1.0,1.0,0.0,0.0,0.1426,0.03778444444444445,-0.68365,Declining,False
2025-11-07,NEAR Protocol,-0.4503,-0.4503,0.0,1.0,1.0,0.0,0.0,0.03802142857142859,0.02277444444444445,0.0,Stable,False
2025-11-08,NEAR Protocol,-0.4503,-0.4503,0.0,1.0,1.0,0.0,0.0,-0.05964285714285713,0.020341111111111122,0.0,Stable,False
2025-11-09,NEAR Protocol,-0.4503,-0.4503,0.0,1.0,1.0,0.0,0.0,-0.15730714285714284,0.00982444444444445,0.0,Stable,False
2025-11-10,NEAR Protocol,-0.4503,-0.4503,0.0,1.0,1.0,0.0,0.0,-0.2549714285714285,-0.016517222222222214,0.0,Stable,False
2025-11-11,NEAR Protocol,-0.4503,-0.4503,0.0,1.0,1.0,0.0,0.0,-0.3526357142857143,-0.008833888888888882,0.0,Stable,False
2025-11-12,NEAR Protocol,-0.4503,-0.4503,0.0,1.0,1.0,0.0,0.0,-0.4503,-0.0011505555555555492,0.0,Stable,False
2025-11-13,NEAR Protocol,-0.4503,-0.4503,0.0,1.0,1.0,0.0,0.0,-0.4503,-0.03874722222222222,0.0,Stable,False
2025-09-30,Ondo,,,,,,,,,,,Stable,False
2025-10-01,Ondo,,,,,,,,,,,Stable,False
2025-10-02,Ondo,,,,,,,,,,,Stable,False
2025-10-03,Ondo,-0.1513,-0.1513,0.0,1.0,1.0,0.0,0.0,-0.1513,-0.1513,,Stable,False
2025-10-04,Ondo,0.3182,0.3182,0.0,1.0,0.0,0.0,1.0,0.08345,0.08345,0.4695,Improving,False
2025-10-05,Ondo,0.3182,0.3182,0.0,1.0,0.0,0.0,1.0,0.16169999999999998,0.16169999999999998,0.0,Stable,False
2025-10-06,Ondo,0.3182,0.3182,0.0,1.0,0.0,0.0,1.0,0.20082499999999998,0.20082499999999998,0.0,Stable,False
2025-10-07,Ondo,0.3182,0.3182,0.0,1.0,0.0,0.0,1.0,0.2243,0.2243,0.0,Stable,False
2025-10-08,Ondo,0.3182,0.3182,0.0,1.0,0.0,0.0,1.0,0.23995,0.23995,0.0,Stable,False
2025-10-09,Ondo,0.3182,0.3182,0.0,1.0,0.0,0.0,1.0,0.2511285714285714,0.2511285714285714,0.0,Stable,False
2025-10-10,Ondo,-0.7738,-0.7738,0.0,1.0,1.0,0.0,0.0,0.16219999999999996,0.12301249999999998,-1.092,Declining,True
2025-10-11,Ondo,-0.7738,-0.7738,0.0,1.0,1.0,0.0,0.0,0.006199999999999968,0.023366666666666647,0.0,Stable,True
2025-10-12,Ondo,-0.7738,-0.7738,0.0,1.0,1.0,0.0,0.0,-0.14980000000000002,-0.056350000000000025,0.0,Stable,True
2025-10-13,Ondo,-0.7738,-0.7738,0.0,1.0,1.0,0.0,0.0,-0.3058,-0.1215727272727273,0.0,Stable,True
2025-10-14,Ondo,-0.7738,-0.7738,0.0,1.0,1.0,0.0,0.0,-0.4618000000000001,-0.17592500000000003,0.0,Stable,False
2025-10-15,Ondo,-0.7738,-0.7738,0.0,1.0,1.0,0.0,0.0,-0.6178,-0.22191538461538465,0.0,Stable,False
2025-10-16,Ondo,-0.7738,-0.7738,0.0,1.0,1.0,0.0,0.0,-0.7738,-0.26133571428571434,0.0,Stable,False
2025-10-17,Ondo,-0.7738,-0.7738,0.0,1.0,1.0,0.0,0.0,-0.7738,-0.2955,0.0,Stable,False
2025-10-18,Ondo,-0.7738,-0.7738,0.0,1.0,1.0,0.0,0.0,-0.7738,-0.32539375000000004,0.0,Stable,False
2025-10-19,Ondo,-0.7738,-0.7738,0.0,1.0,1.0,0.0,0.0,-0.7738,-0.3517705882352941,0.0,Stable,False
2025-10-20,Ondo,-0.7738,-0.7738,0.0,1.0,1.0,0.0,0.0,-0.7738,-0.3752166666666667,0.0,Stable,False
2025-10-21,Ondo,-0.7738,-0.7738,0.0,1.0,1.0,0.0,0.0,-0.7738,-0.39619473684210527,0.0,Stable,False
2025-10-22,Ondo,-0.7738,-0.7738,0.0,1.0,1.0,0.0,0.0,-0.7738,-0.415075,0.0,Stable,False
2025-10-23,Ondo,-0.7738,-0.7738,0.0,1.0,1.0,0.0,0.0,-0.7738,-0.43215714285714285,0.0,Stable,False
2025-10-24,Ondo,-0.7738,-0.7738,0.0,1.0,1.0,0.0,0.0,-0.7738,-0.44768636363636366,0.0,Stable,False
2025-10-25,Ondo,-0.7738,-0.7738,0.0,1.0,1.0,0.0,0.0,-0.7738,-0.46186521739130443,0.0,Stable,False
2025-10-26,Ondo,-0.7738,-0.7738,0.0,1.0,1.0,0.0,0.0,-0.7738,-0.4748625,0.0,Stable,False
2025-10-27,Ondo,-0.7738,-0.7738,0.0,1.0,1.0,0.0,0.0,-0.7738,-0.48682000000000003,0.0,Stable,False
2025-10-28,Ondo,-0.7738,-0.7738,0.0,1.0,1.0,0.0,0.0,-0.7738,-0.49785769230769233,0.0,Stable,False
2025-10-29,Ondo,-0.7738,-0.7738,0.0,1.0,1.0,0.0,0.0,-0.7738,-0.5080777777777779,0.0,Stable,False
2025-10-30,Ondo,0.0,0.0,0.0,1.0,0.0,1.0,0.0,-0.6632571428571429,-0.4899321428571429,0.7738,Improving,True
2025-10-31,Ondo,0.0,0.0,0.0,1.0,0.0,1.0,0.0,-0.5527142857142857,-0.47303793103448283,0.0,Stable,True
2025-11-01,Ondo,0.0,0.0,0.0,1.0,0.0,1.0,0.0,-0.4421714285714286,-0.45727000000000007,0.0,Stable,False
2025-11-02,Ondo,0.0,0.0,0.0,1.0,0.0,1.0,0.0,-0.3316285714285714,-0.45222666666666667,0.0,Stable,False
2025-11-03,Ondo,0.0,0.0,0.0,1.0,0.0,1.0,0.0,-0.2210857142857143,-0.4628333333333334,0.0,Stable,False
2025-11-04,Ondo,0.0,0.0,0.0,1.0,0.0,1.0,0.0,-0.11054285714285715,-0.47344,0.0,Stable,False
2025-11-05,Ondo,0.0,0.0,0.0,1.0,0.0,1.0,0.0,0.0,-0.48404666666666674,0.0,Stable,False
2025-11-06,Ondo,0.0,0.0,0.0,1.0,0.0,1.0,0.0,0.0,-0.49465333333333333,0.0,Stable,False
2025-11-07,Ondo,0.0,0.0,0.0,1.0,0.0,1.0,0.0,0.0,-0.50526,0.0,Stable,False
2025-11-08,Ondo,0.0,0.0,0.0,1.0,0.0,1.0,0.0,0.0,-0.5158666666666667,0.0,Stable,False
2025-11-09,Ondo,0.0,0.0,0.0,1.0,0.0,1.0,0.0,0.0,-0.49007333333333336,0.0,Stable,False
2025-11-10,Ondo,0.0,0.0,0.0,1.0,0.0,1.0,0.0,0.0,-0.4642800000000001,0.0,Stable,False
2025-11-11,Ondo,0.0,0.0,0.0,1.0,0.0,1.0,0.0,0.0,-0.43848666666666675,0.0,Stable,False
2025-11-12,Ondo,0.0,0.0,0.0,1.0,0.0,1.0,0.0,0.0,-0.41269333333333336,0.0,Stable,False
2025-11-13,Ondo,0.0,0.0,0.0,1.0,0.0,1.0,0.0,0.0,-0.3869,0.0,Stable,False
2025-09-30,PAX Gold,,,,,,,,,,,Stable,False
2025-10-01,PAX Gold,,,,,,,,,,,Stable,False
2025-10-02,PAX Gold,,,,,,,,,,,Stable,False
2025-10-03,PAX Gold,,,,,,,,,,,Stable,False
2025-10-04,PAX Gold,,,,,,,,,,,Stable,False
2025-10-05,PAX Gold,,,,,,,,,,,Stable,False
2025-10-06,PAX Gold,,,,,,,,,,,Stable,False
2025-10-07,PAX Gold,,,,,,,,,,,Stable,False
2025-10-08,PAX Gold,,,,,,,,,,,Stable,False
2025-10-09,PAX Gold,,,,,,,,,,,Stable,False
2025-10-10,PAX Gold,,,,,,,,,,,Stable,False
2025-10-11,PAX Gold,,,,,,,,,,,Stable,False
2025-10-12,PAX Gold,,,,,,,,,,,Stable,False
2025-10-13,PAX Gold,,,,,,,,,,,Stable,False
2025-10-14,PAX Gold,,,,,,,,,,,Stable,False
2025-10-15,PAX Gold,,,,,,,,,,,Stable,False
2025-10-16,PAX Gold,,,,,,,,,,,Stable,False
2025-10-17,PAX Gold,,,,,,,,,,,Stable,False
2025-10-18,PAX Gold,,,,,,,,,,,Stable,False
2025-10-19,PAX Gold,,,,,,,,,,,Stable,False
2025-10-20,PAX Gold,,,,,,,,,,,Stable,False
2025-10-21,PAX Gold,0.0,0.0,0.0,2.0,0.0,2.0,0.0,0.0,0.0,,Stable,False
2025-10-22,PAX Gold,0.0,0.0,0.0,2.0,0.0,2.0,0.0,0.0,0.0,0.0,Stable,False
2025-10-23,PAX Gold,0.0,0.0,0.0,2.0,0.0,2.0,0.0,0.0,0.0,0.0,Stable,False
2025-10-24,PAX Gold,0.0,0.0,0.0,2.0,0.0,2.0,0.0,0.0,0.0,0.0,Stable,False
2025-10-25,PAX Gold,0.0,0.0,0.0,2.0,0.0,2.0,0.0,0.0,0.0,0.0,Stable,False
2025-10-26,PAX Gold,0.0,0.0,0.0,2.0,0.0,2.0,0.0,0.0,0.0,0.0,Stable,False
2025-10-27,PAX Gold,0.0,0.0,0.0,2.0,0.0,2.0,0.0,0.0,0.0,0.0,Stable,False
2025-10-28,PAX Gold,0.6192,0.6192,0.0,1.0,0.0,0.0,1.0,0.08845714285714286,0.0774,0.6192,Improving,True
2025-10-29,PAX Gold,0.6192,0.6192,0.0,1.0,0.0,0.0,1.0,0.17691428571428572,0.1376,0.0,Stable,True
2025-10-30,PAX Gold,0.6192,0.6192,0.0,1.0,0.0,0.0,1.0,0.26537142857142854,0.18575999999999998,0.0,Stable,True
2025-10-31,PAX Gold,0.6192,0.6192,0.0,1.0,0.0,0.0,1.0,0.35382857142857144,0.22516363636363634,0.0,Stable,True
2025-11-01,PAX Gold,0.6192,0.6192,0.0,1.0,0.0,0.0,1.0,0.4422857142857143,0.258,0.0,Stable,False
2025-11-02,PAX Gold,0.6192,0.6192,0.0,1.0,0.0,0.0,1.0,0.5307428571428571,0.28578461538461536,0.0,Stable,False
2025-11-03,PAX Gold,0.6908,0.6908,0.0,1.0,0.0,0.0,1.0,0.6294285714285713,0.31471428571428567,0.0716,Improving,False
2025-11-04,PAX Gold,0.6908,0.6908,0.0,1.0,0.0,0.0,1.0,0.6396571428571428,0.3397866666666667,0.0,Stable,False
2025-11-05,PAX Gold,0.6908,0.6908,0.0,1.0,0.0,0.0,1.0,0.6498857142857143,0.36172499999999996,0.0,Stable,False
2025-11-06,PAX Gold,0.6908,0.6908,0.0,1.0,0.0,0.0,1.0,0.6601142857142855,0.3810823529411764,0.0,Stable,False
2025-11-07,PAX Gold,0.6908,0.6908,0.0,1.0,0.0,0.0,1.0,0.6703428571428571,0.3982888888888889,0.0,Stable,False
2025-11-08,PAX Gold,0.6908,0.6908,0.0,1.0,0.0,0.0,1.0,0.6805714285714286,0.41368421052631577,0.0,Stable,False
2025-11-09,PAX Gold,0.6908,0.6908,0.0,1.0,0.0,0.0,1.0,0.6908,0.4275399999999999,0.0,Stable,False
2025-11-10,PAX Gold,0.6908,0.6908,0.0,1.0,0.0,0.0,1.0,0.6908,0.44007619047619045,0.0,Stable,False
2025-11-11,PAX Gold,0.6908,0.6908,0.0,1.0,0.0,0.0,1.0,0.6908,0.45147272727272725,0.0,Stable,False
2025-11-12,PAX Gold,0.6908,0.6908,0.0,1.0,0.0,0.0,1.0,0.6908,0.4618782608695652,0.0,Stable,False
2025-11-13,PAX Gold,0.6908,0.6908,0.0,1.0,0.0,0.0,1.0,0.6908,0.47141666666666665,0.0,Stable,False
2025-09-30,PayPal USD,,,,,,,,,,,Stable,False
2025-10-01,PayPal USD,,,,,,,,,,,Stable,False
2025-10-02,PayPal USD,,,,,,,,,,,Stable,False
2025-10-03,PayPal USD,,,,,,,,,,,Stable,False
2025-10-04,PayPal USD,,,,,,,,,,,Stable,False
2025-10-05,PayPal USD,,,,,,,,,,,Stable,False
2025-10-06,PayPal USD,,,,,,,,,,,Stable,False
2025-10-07,PayPal USD,,,,,,,,,,,Stable,False
2025-10-08,PayPal USD,,,,,,,,,,,Stable,False
2025-10-09,PayPal USD,,,,,,,,,,,Stable,False
2025-10-10,PayPal USD,,,,,,,,,,,Stable,False
2025-10-11,PayPal USD,,,,,,,,,,,Stable,False
2025-10-12,PayPal USD,,,,,,,,,,,Stable,False
2025-10-13,PayPal USD,,,,,,,,,,,Stable,False
2025-10-14,PayPal USD,,,,,,,,,,,Stable,False
2025-10-15,PayPal USD,-0.027700000000000016,-0.03340000000000001,0.3607330869216186,4.0,2.0,0.0,2.0,-0.027700000000000016,-0.027700000000000016,,Stable,False
2025-10-16,PayPal USD,-0.027700000000000016,-0.03340000000000001,0.3607330869216186,4.0,2.0,0.0,2.0,-0.027700000000000016,-0.027700000000000016,0.0,Stable,False
2025-10-17,PayPal USD,-0.027700000000000016,-0.03340000000000001,0.3607330869216186,4.0,2.0,0.0,2.0,-0.027700000000000016,-0.027700000000000016,0.0,Stable,False
2025-10-18,PayPal USD,-0.027700000000000016,-0.03340000000000001,0.3607330869216186,4.0,2.0,0.0,2.0,-0.027700000000000016,-0.027700000000000016,0.0,Stable,False
2025-10-19,PayPal USD,0.6124,0.6124,0.0,1.0,0.0,0.0,1.0,0.10032,0.10032,0.6401000000000001,Improving,True
2025-10-20,PayPal USD,0.6124,0.6124,0.0,1.0,0.0,0.0,1.0,0.18566666666666667,0.18566666666666667,0.0,Stable,True
2025-10-21,PayPal USD,0.6124,0.6124,0.0,1.0,0.0,0.0,1.0,0.24662857142857145,0.24662857142857145,0.0,Stable,True
2025-10-22,PayPal USD,0.6124,0.6124,0.0,1.0,0.0,0.0,1.0,0.33807142857142863,0.29235,0.0,Stable,True
2025-10-23,PayPal USD,0.6124,0.6124,0.0,1.0,0.0,0.0,1.0,0.42951428571428574,0.3279111111111111,0.0,Stable,False
2025-10-24,PayPal USD,0.6124,0.6124,0.0,1.0,0.0,0.0,1.0,0.5209571428571429,0.35636,0.0,Stable,False
2025-10-25,PayPal USD,0.6124,0.6124,0.0,1.0,0.0,0.0,1.0,0.6124,0.37963636363636366,0.0,Stable,False
2025-10-26,PayPal USD,0.6124,0.6124,0.0,1.0,0.0,0.0,1.0,0.6124,0.39903333333333335,0.0,Stable,False
2025-10-27,PayPal USD,0.6124,0.6124,0.0,1.0,0.0,0.0,1.0,0.6124,0.41544615384615385,0.0,Stable,False
2025-10-28,PayPal USD,0.6124,0.6124,0.0,1.0,0.0,0.0,1.0,0.6124,0.42951428571428574,0.0,Stable,False
2025-10-29,PayPal USD,0.6124,0.6124,0.0,1.0,0.0,0.0,1.0,0.6124,0.4417066666666667,0.0,Stable,False
2025-10-30,PayPal USD,0.6124,0.6124,0.0,1.0,0.0,0.0,1.0,0.6124,0.452375,0.0,Stable,False
2025-10-31,PayPal USD,0.6124,0.6124,0.0,1.0,0.0,0.0,1.0,0.6124,0.46178823529411767,0.0,Stable,False
2025-11-01,PayPal USD,0.6124,0.6124,0.0,1.0,0.0,0.0,1.0,0.6124,0.47015555555555566,0.0,Stable,False
2025-11-02,PayPal USD,0.6124,0.6124,0.0,1.0,0.0,0.0,1.0,0.6124,0.4776421052631579,0.0,Stable,False
2025-11-03,PayPal USD,0.6124,0.6124,0.0,1.0,0.0,0.0,1.0,0.6124,0.4843800000000001,0.0,Stable,False
2025-11-04,PayPal USD,0.6124,0.6124,0.0,1.0,0.0,0.0,1.0,0.6124,0.4904761904761905,0.0,Stable,False
2025-11-05,PayPal USD,0.6124,0.6124,0.0,1.0,0.0,0.0,1.0,0.6124,0.4960181818181819,0.0,Stable,False
2025-11-06,PayPal USD,0.6124,0.6124,0.0,1.0,0.0,0.0,1.0,0.6124,0.5010782608695653,0.0,Stable,False
2025-11-07,PayPal USD,0.6124,0.6124,0.0,1.0,0.0,0.0,1.0,0.6124,0.5057166666666667,0.0,Stable,False
2025-11-08,PayPal USD,0.6124,0.6124,0.0,1.0,0.0,0.0,1.0,0.6124,0.509984,0.0,Stable,False
2025-11-09,PayPal USD,0.6124,0.6124,0.0,1.0,0.0,0.0,1.0,0.6124,0.513923076923077,0.0,Stable,False
2025-11-10,PayPal USD,0.6124,0.6124,0.0,1.0,0.0,0.0,1.0,0.6124,0.5175703703703705,0.0,Stable,False
2025-11-11,PayPal USD,0.6124,0.6124,0.0,1.0,0.0,0.0,1.0,0.6124,0.5209571428571429,0.0,Stable,False
2025-11-12,PayPal USD,0.6124,0.6124,0.0,1.0,0.0,0.0,1.0,0.6124,0.5241103448275862,0.0,Stable,False
2025-11-13,PayPal USD,0.6124,0.6124,0.0,1.0,0.0,0.0,1.0,0.6124,0.5270533333333334,0.0,Stable,False
2025-09-30,Pepe,,,,,,,,,,,Stable,False
2025-10-01,Pepe,,,,,,,,,,,Stable,False
2025-10-02,Pepe,,,,,,,,,,,Stable,False
2025-10-03,Pepe,,,,,,,,,,,Stable,False
2025-10-04,Pepe,,,,,,,,,,,Stable,False
2025-10-05,Pepe,,,,,,,,,,,Stable,False
2025-10-06,Pepe,,,,,,,,,,,Stable,False
2025-10-07,Pepe,,,,,,,,,,,Stable,False
2025-10-08,Pepe,,,,,,,,,,,Stable,False
2025-10-09,Pepe,,,,,,,,,,,Stable,False
2025-10-10,Pepe,,,,,,,,,,,Stable,False
2025-10-11,Pepe,,,,,,,,,,,Stable,False
2025-10-12,Pepe,,,,,,,,,,,Stable,False
2025-10-13,Pepe,,,,,,,,,,,Stable,False
2025-10-14,Pepe,-0.6369,-0.6369,0.0,1.0,1.0,0.0,0.0,-0.6369,-0.6369,,Stable,False
2025-10-15,Pepe,-0.6369,-0.6369,0.0,1.0,1.0,0.0,0.0,-0.6369,-0.6369,0.0,Stable,False
2025-10-16,Pepe,-0.6369,-0.6369,0.0,1.0,1.0,0.0,0.0,-0.6369,-0.6369,0.0,Stable,False
2025-10-17,Pepe,-0.6369,-0.6369,0.0,1.0,1.0,0.0,0.0,-0.6369,-0.6369,0.0,Stable,False
2025-10-18,Pepe,-0.6369,-0.6369,0.0,1.0,1.0,0.0,0.0,-0.6369,-0.6369,0.0,Stable,False
2025-10-19,Pepe,-0.6369,-0.6369,0.0,1.0,1.0,0.0,0.0,-0.6369,-0.6369,0.0,Stable,False
2025-10-20,Pepe,-0.6369,-0.6369,0.0,1.0,1.0,0.0,0.0,-0.6369,-0.6369,0.0,Stable,False
2025-10-21,Pepe,-0.6369,-0.6369,0.0,1.0,1.0,0.0,0.0,-0.6369,-0.6369,0.0,Stable,False
2025-10-22,Pepe,-0.6369,-0.6369,0.0,1.0,1.0,0.0,0.0,-0.6369,-0.6369,0.0,Stable,False
2025-10-23,Pepe,0.0,0.0,0.0,2.0,0.0,2.0,0.0,-0.5459142857142858,-0.57321,0.6369,Improving,True
2025-10-24,Pepe,0.0,0.0,0.0,2.0,0.0,2.0,0.0,-0.4549285714285714,-0.5211,0.0,Stable,False
2025-10-25,Pepe,0.0,0.0,0.0,2.0,0.0,2.0,0.0,-0.3639428571428572,-0.477675,0.0,Stable,False
2025-10-26,Pepe,0.0,0.0,0.0,2.0,0.0,2.0,0.0,-0.27295714285714284,-0.44093076923076924,0.0,Stable,False
2025-10-27,Pepe,0.0,0.0,0.0,2.0,0.0,2.0,0.0,-0.1819714285714286,-0.4094357142857143,0.0,Stable,False
2025-10-28,Pepe,0.0,0.0,0.0,2.0,0.0,2.0,0.0,-0.0909857142857143,-0.38214,0.0,Stable,False
2025-10-29,Pepe,0.0,0.0,0.0,2.0,0.0,2.0,0.0,0.0,-0.35825625,0.0,Stable,False
2025-10-30,Pepe,0.0,0.0,0.0,2.0,0.0,2.0,0.0,0.0,-0.3371823529411765,0.0,Stable,False
2025-10-31,Pepe,0.9586,0.9586,0.0,1.0,0.0,0.0,1.0,0.13694285714285714,-0.26519444444444445,0.9586,Improving,True
2025-11-01,Pepe,0.9586,0.9586,0.0,1.0,0.0,0.0,1.0,0.2738857142857143,-0.2007842105263158,0.0,Stable,True
2025-11-02,Pepe,0.9586,0.9586,0.0,1.0,0.0,0.0,1.0,0.41082857142857143,-0.142815,0.0,Stable,True
2025-11-03,Pepe,0.9586,0.9586,0.0,1.0,0.0,0.0,1.0,0.5477714285714286,-0.09036666666666668,0.0,Stable,False
2025-11-04,Pepe,0.9586,0.9586,0.0,1.0,0.0,0.0,1.0,0.6847142857142857,-0.04268636363636364,0.0,Stable,False
2025-11-05,Pepe,0.9586,0.9586,0.0,1.0,0.0,0.0,1.0,0.8216571428571429,0.0008478260869565152,0.0,Stable,False
2025-11-06,Pepe,0.9586,0.9586,0.0,1.0,0.0,0.0,1.0,0.9586,0.04075416666666666,0.0,Stable,False
2025-11-07,Pepe,0.9586,0.9586,0.0,1.0,0.0,0.0,1.0,0.9586,0.077468,0.0,Stable,False
2025-11-08,Pepe,0.9586,0.9586,0.0,1.0,0.0,0.0,1.0,0.9586,0.1113576923076923,0.0,Stable,False
2025-11-09,Pepe,0.9586,0.9586,0.0,1.0,0.0,0.0,1.0,0.9586,0.14273703703703702,0.0,Stable,False
2025-11-10,Pepe,0.9586,0.9586,0.0,1.0,0.0,0.0,1.0,0.9586,0.171875,0.0,Stable,False
2025-11-11,Pepe,0.9586,0.9586,0.0,1.0,0.0,0.0,1.0,0.9586,0.19900344827586205,0.0,Stable,False
2025-11-12,Pepe,0.9586,0.9586,0.0,1.0,0.0,0.0,1.0,0.9586,0.22432333333333335,0.0,Stable,False
2025-11-13,Pepe,0.9586,0.9586,0.0,1.0,0.0,0.0,1.0,0.9586,0.2775066666666666,0.0,Stable,False
2025-09-30,Pi,,,,,,,,,,,Stable,False
2025-10-01,Pi,,,,,,,,,,,Stable,False
2025-10-02,Pi,,,,,,,,,,,Stable,False
2025-10-03,Pi,,,,,,,,,,,Stable,False
2025-10-04,Pi,,,,,,,,,,,Stable,False
2025-10-05,Pi,,,,,,,,,,,Stable,False
2025-10-06,Pi,,,,,,,,,,,Stable,False
2025-10-07,Pi,,,,,,,,,,,Stable,False
2025-10-08,Pi,,,,,,,,,,,Stable,False
2025-10-09,Pi,,,,,,,,,,,Stable,False
2025-10-10,Pi,,,,,,,,,,,Stable,False
2025-10-11,Pi,,,,,,,,,,,Stable,False
2025-10-12,Pi,,,,,,,,,,,Stable,False
2025-10-13,Pi,,,,,,,,,,,Stable,False
2025-10-14,Pi,,,,,,,,,,,Stable,False
2025-10-15,Pi,,,,,,,,,,,Stable,False
2025-10-16,Pi,,,,,,,,,,,Stable,False
2025-10-17,Pi,,,,,,,,,,,Stable,False
2025-10-18,Pi,,,,,,,,,,,Stable,False
2025-10-19,Pi,,,,,,,,,,,Stable,False
2025-10-20,Pi,,,,,,,,,,,Stable,False
2025-10-21,Pi,,,,,,,,,,,Stable,False
2025-10-22,Pi,,,,,,,,,,,Stable,False
2025-10-23,Pi,,,,,,,,,,,Stable,False
2025-10-24,Pi,,,,,,,,,,,Stable,False
2025-10-25,Pi,,,,,,,,,,,Stable,False
2025-10-26,Pi,,,,,,,,,,,Stable,False
2025-10-27,Pi,0.0,0.0,0.0,1.0,0.0,1.0,0.0,0.0,0.0,,Stable,False
2025-10-28,Pi,0.0,0.0,0.0,1.0,0.0,1.0,0.0,0.0,0.0,0.0,Stable,False
2025-10-29,Pi,0.0,0.0,0.0,1.0,0.0,1.0,0.0,0.0,0.0,0.0,Stable,False
2025-10-30,Pi,0.0,0.0,0.0,1.0,0.0,1.0,0.0,0.0,0.0,0.0,Stable,False
2025-10-31,Pi,0.0,0.0,0.0,1.0,0.0,1.0,0.0,0.0,0.0,0.0,Stable,False
2025-11-01,Pi,0.4019,0.4019,0.0,1.0,0.0,0.0,1.0,0.06698333333333333,0.06698333333333333,0.4019,Improving,True
2025-11-02,Pi,0.4019,0.4019,0.0,1.0,0.0,0.0,1.0,0.11482857142857142,0.11482857142857142,0.0,Stable,True
2025-11-03,Pi,0.4019,0.4019,0.0,1.0,0.0,0.0,1.0,0.17224285714285714,0.1507125,0.0,Stable,True
2025-11-04,Pi,0.4019,0.4019,0.0,1.0,0.0,0.0,1.0,0.22965714285714284,0.1786222222222222,0.0,Stable,False
2025-11-05,Pi,0.4019,0.4019,0.0,1.0,0.0,0.0,1.0,0.2870714285714286,0.20095000000000002,0.0,Stable,False
2025-11-06,Pi,0.4019,0.4019,0.0,1.0,0.0,0.0,1.0,0.3444857142857143,0.2192181818181818,0.0,Stable,False
2025-11-07,Pi,0.4019,0.4019,0.0,1.0,0.0,0.0,1.0,0.4019,0.23444166666666666,0.0,Stable,False
2025-11-08,Pi,0.4019,0.4019,0.0,1.0,0.0,0.0,1.0,0.4019,0.24732307692307692,0.0,Stable,False
2025-11-09,Pi,0.4019,0.4019,0.0,1.0,0.0,0.0,1.0,0.4019,0.2583642857142857,0.0,Stable,False
2025-11-10,Pi,0.4019,0.4019,0.0,1.0,0.0,0.0,1.0,0.4019,0.26793333333333336,0.0,Stable,False
2025-11-11,Pi,0.4019,0.4019,0.0,1.0,0.0,0.0,1.0,0.4019,0.27630625,0.0,Stable,False
2025-11-12,Pi,0.4019,0.4019,0.0,1.0,0.0,0.0,1.0,0.4019,0.2836941176470588,0.0,Stable,False
2025-11-13,Pi,0.4019,0.4019,0.0,1.0,0.0,0.0,1.0,0.4019,0.2902611111111111,0.0,Stable,False
2025-09-30,Polkadot,-0.27115,-0.27115,0.3834640074374647,2.0,1.0,1.0,0.0,-0.27115,-0.27115,,Stable,False
2025-10-01,Polkadot,-0.27115,-0.27115,0.3834640074374647,2.0,1.0,1.0,0.0,-0.27115,-0.27115,0.0,Stable,False
2025-10-02,Polkadot,-0.27115,-0.27115,0.3834640074374647,2.0,1.0,1.0,0.0,-0.27115,-0.27115,0.0,Stable,False
2025-10-03,Polkadot,-0.27115,-0.27115,0.3834640074374647,2.0,1.0,1.0,0.0,-0.27115,-0.27115,0.0,Stable,False
2025-10-04,Polkadot,-0.27115,-0.27115,0.3834640074374647,2.0,1.0,1.0,0.0,-0.27115,-0.27115,0.0,Stable,False
2025-10-05,Polkadot,-0.27115,-0.27115,0.3834640074374647,2.0,1.0,1.0,0.0,-0.27115,-0.27115,0.0,Stable,False
2025-10-06,Polkadot,-0.27115,-0.27115,0.3834640074374647,2.0,1.0,1.0,0.0,-0.27115,-0.27115,0.0,Stable,False
2025-10-07,Polkadot,-0.27115,-0.27115,0.3834640074374647,2.0,1.0,1.0,0.0,-0.27115,-0.27115,0.0,Stable,False
2025-10-08,Polkadot,-0.27115,-0.27115,0.3834640074374647,2.0,1.0,1.0,0.0,-0.27115,-0.27115,0.0,Stable,False
2025-10-09,Polkadot,-0.27115,-0.27115,0.3834640074374647,2.0,1.0,1.0,0.0,-0.27115,-0.27115,0.0,Stable,False
2025-10-10,Polkadot,-0.27115,-0.27115,0.3834640074374647,2.0,1.0,1.0,0.0,-0.27115,-0.27115,0.0,Stable,False
2025-10-11,Polkadot,-0.5267,-0.5267,0.0,1.0,1.0,0.0,0.0,-0.30765714285714285,-0.29244583333333335,-0.25554999999999994,Declining,False
2025-10-12,Polkadot,-0.5267,-0.5267,0.0,1.0,1.0,0.0,0.0,-0.3441642857142857,-0.3104653846153846,0.0,Stable,False
2025-10-13,Polkadot,-0.5267,-0.5267,0.0,1.0,1.0,0.0,0.0,-0.38067142857142855,-0.3259107142857142,0.0,Stable,False
2025-10-14,Polkadot,0.1663,0.1663,0.0,1.0,0.0,0.0,1.0,-0.31817857142857137,-0.29309666666666667,0.693,Improving,False
2025-10-15,Polkadot,0.4215,0.4215,0.0,1.0,0.0,0.0,1.0,-0.21922857142857138,-0.24843437499999999,0.2552,Improving,True
2025-10-16,Polkadot,0.4215,0.4215,0.0,1.0,0.0,0.0,1.0,-0.12027857142857142,-0.20902647058823529,0.0,Stable,False
2025-10-17,Polkadot,0.4215,0.4215,0.0,1.0,0.0,0.0,1.0,-0.021328571428571412,-0.17399722222222222,0.0,Stable,False
2025-10-18,Polkadot,0.4215,0.4215,0.0,1.0,0.0,0.0,1.0,0.11412857142857144,-0.14265526315789473,0.0,Stable,False
2025-10-19,Polkadot,-0.25955,-0.28075,0.24414668405148027,4.0,3.0,1.0,0.0,0.15229285714285717,-0.1485,-0.6810499999999999,Declining,False
2025-10-20,Polkadot,-0.5267,-0.5267,0.0,1.0,1.0,0.0,0.0,0.15229285714285717,-0.1665095238095238,-0.26714999999999994,Declining,True
2025-10-21,Polkadot,-0.5267,-0.5267,0.0,1.0,1.0,0.0,0.0,0.053292857142857156,-0.18288181818181817,0.0,Stable,True
2025-10-22,Polkadot,-0.5423,-0.5423,0.0,1.0,1.0,0.0,0.0,-0.08439285714285713,-0.1985086956521739,-0.015600000000000058,Declining,False
2025-10-23,Polkadot,-0.5423,-0.5423,0.0,1.0,1.0,0.0,0.0,-0.2220785714285714,-0.21283333333333332,0.0,Stable,False
2025-10-24,Polkadot,-0.5423,-0.5423,0.0,1.0,1.0,0.0,0.0,-0.3597642857142857,-0.226012,0.0,Stable,False
2025-10-25,Polkadot,-0.5423,-0.5423,0.0,1.0,1.0,0.0,0.0,-0.49745,-0.23817692307692306,0.0,Stable,False
2025-10-26,Polkadot,-0.5423,-0.5423,0.0,1.0,1.0,0.0,0.0,-0.5378428571428572,-0.24944074074074074,0.0,Stable,False
2025-10-27,Polkadot,-0.5423,-0.5423,0.0,1.0,1.0,0.0,0.0,-0.5400714285714285,-0.25989999999999996,0.0,Stable,False
2025-10-28,Polkadot,-0.5423,-0.5423,0.0,1.0,1.0,0.0,0.0,-0.5423,-0.26963793103448275,0.0,Stable,False
2025-10-29,Polkadot,0.6597,0.6597,0.0,1.0,0.0,0.0,1.0,-0.3705857142857143,-0.23865999999999998,1.202,Improving,True
2025-10-30,Polkadot,-0.15011666666666668,-0.17,0.5530035024,6.0,3.0,1.0,2.0,-0.3145595238095238,-0.2346255555555556,-0.8098166666666666,Declining,False
2025-10-31,Polkadot,0.09316666666666668,0.0772,0.10209076027404897,3.0,0.0,1.0,2.0,-0.22377857142857144,-0.22248166666666666,0.24328333333333335,Improving,False
2025-11-01,Polkadot,0.47376666666666667,0.6249,0.419158923719075,3.0,0.0,1.0,2.0,-0.07862619047619049,-0.19765111111111108,0.3806,Improving,False
2025-11-02,Polkadot,0.47376666666666667,0.6249,0.419158923719075,3.0,0.0,1.0,2.0,0.06652619047619047,-0.17282055555555556,0.0,Stable,False
2025-11-03,Polkadot,0.47376666666666667,0.6249,0.419158923719075,3.0,0.0,1.0,2.0,0.2116785714285714,-0.14798999999999998,0.0,Stable,False
2025-11-04,Polkadot,0.47376666666666667,0.6249,0.419158923719075,3.0,0.0,1.0,2.0,0.35683095238095236,-0.12315944444444443,0.0,Stable,False
2025-11-05,Polkadot,0.47376666666666667,0.6249,0.419158923719075,3.0,0.0,1.0,2.0,0.33026904761904763,-0.09832888888888888,0.0,Stable,False
2025-11-06,Polkadot,0.47376666666666667,0.6249,0.419158923719075,3.0,0.0,1.0,2.0,0.41939523809523804,-0.07349833333333332,0.0,Stable,False
2025-11-07,Polkadot,0.47376666666666667,0.6249,0.419158923719075,3.0,0.0,1.0,2.0,0.47376666666666667,-0.048667777777777775,0.0,Stable,False
2025-11-08,Polkadot,0.47376666666666667,0.6249,0.419158923719075,3.0,0.0,1.0,2.0,0.47376666666666667,-0.02383722222222222,0.0,Stable,False
2025-11-09,Polkadot,0.47376666666666667,0.6249,0.419158923719075,3.0,0.0,1.0,2.0,0.47376666666666667,0.0009933333333333367,0.0,Stable,False
2025-11-10,Polkadot,0.47376666666666667,0.6249,0.419158923719075,3.0,0.0,1.0,2.0,0.47376666666666667,0.034342222222222225,0.0,Stable,False
2025-11-11,Polkadot,0.47376666666666667,0.6249,0.419158923719075,3.0,0.0,1.0,2.0,0.47376666666666667,0.0676911111111111,0.0,Stable,False
2025-11-12,Polkadot,0.47376666666666667,0.6249,0.419158923719075,3.0,0.0,1.0,2.0,0.47376666666666667,0.10104,0.0,Stable,False
2025-11-13,Polkadot,0.47376666666666667,0.6249,0.419158923719075,3.0,0.0,1.0,2.0,0.47376666666666667,0.1112888888888889,0.0,Stable,False
2025-09-30,Shiba Inu,,,,,,,,,,,Stable,False
2025-10-01,Shiba Inu,,,,,,,,,,,Stable,False
2025-10-02,Shiba Inu,,,,,,,,,,,Stable,False
2025-10-03,Shiba Inu,,,,,,,,,,,Stable,False
2025-10-04,Shiba Inu,,,,,,,,,,,Stable,False
2025-10-05,Shiba Inu,,,,,,,,,,,Stable,False
2025-10-06,Shiba Inu,,,,,,,,,,,Stable,False
2025-10-07,Shiba Inu,,,,,,,,,,,Stable,False
2025-10-08,Shiba Inu,,,,,,,,,,,Stable,False
2025-10-09,Shiba Inu,,,,,,,,,,,Stable,False
2025-10-10,Shiba Inu,-0.08780000000000002,-0.08780000000000002,0.6641146888904055,2.0,1.0,0.0,1.0,-0.08780000000000002,-0.08780000000000002,,Stable,False
2025-10-11,Shiba Inu,-0.08780000000000002,-0.08780000000000002,0.6641146888904055,2.0,1.0,0.0,1.0,-0.08780000000000002,-0.08780000000000002,0.0,Stable,False
2025-10-12,Shiba Inu,-0.08780000000000002,-0.08780000000000002,0.6641146888904055,2.0,1.0,0.0,1.0,-0.08780000000000002,-0.08780000000000002,0.0,Stable,False
2025-10-13,Shiba Inu,-0.08780000000000002,-0.08780000000000002,0.6641146888904055,2.0,1.0,0.0,1.0,-0.08780000000000002,-0.08780000000000002,0.0,Stable,False
2025-10-14,Shiba Inu,0.9204,0.9204,0.0,1.0,0.0,0.0,1.0,0.11383999999999998,0.11383999999999998,1.0082,Improving,True
2025-10-15,Shiba Inu,0.9204,0.9204,0.0,1.0,0.0,0.0,1.0,0.24826666666666664,0.24826666666666664,0.0,Stable,True
2025-10-16,Shiba Inu,0.9204,0.9204,0.0,1.0,0.0,0.0,1.0,0.3442857142857143,0.3442857142857143,0.0,Stable,True
2025-10-17,Shiba Inu,0.9204,0.9204,0.0,1.0,0.0,0.0,1.0,0.48831428571428576,0.4163,0.0,Stable,True
2025-10-18,Shiba Inu,0.9204,0.9204,0.0,1.0,0.0,0.0,1.0,0.6323428571428572,0.4723111111111111,0.0,Stable,False
2025-10-19,Shiba Inu,0.9204,0.9204,0.0,1.0,0.0,0.0,1.0,0.7763714285714285,0.51712,0.0,Stable,False
2025-10-20,Shiba Inu,0.9204,0.9204,0.0,1.0,0.0,0.0,1.0,0.9204,0.5537818181818182,0.0,Stable,False
2025-10-21,Shiba Inu,0.9204,0.9204,0.0,1.0,0.0,0.0,1.0,0.9204,0.5843333333333333,0.0,Stable,False
2025-10-22,Shiba Inu,0.9204,0.9204,0.0,1.0,0.0,0.0,1.0,0.9204,0.6101846153846153,0.0,Stable,False
2025-10-23,Shiba Inu,0.9204,0.9204,0.0,1.0,0.0,0.0,1.0,0.9204,0.6323428571428572,0.0,Stable,False
2025-10-24,Shiba Inu,0.9204,0.9204,0.0,1.0,0.0,0.0,1.0,0.9204,0.6515466666666666,0.0,Stable,False
2025-10-25,Shiba Inu,0.9204,0.9204,0.0,1.0,0.0,0.0,1.0,0.9204,0.66835,0.0,Stable,False
2025-10-26,Shiba Inu,0.9204,0.9204,0.0,1.0,0.0,0.0,1.0,0.9204,0.6831764705882354,0.0,Stable,False
2025-10-27,Shiba Inu,0.9204,0.9204,0.0,1.0,0.0,0.0,1.0,0.9204,0.6963555555555555,0.0,Stable,False
2025-10-28,Shiba Inu,0.9204,0.9204,0.0,1.0,0.0,0.0,1.0,0.9204,0.7081473684210526,0.0,Stable,False
2025-10-29,Shiba Inu,0.9204,0.9204,0.0,1.0,0.0,0.0,1.0,0.9204,0.71876,0.0,Stable,False
2025-10-30,Shiba Inu,0.9204,0.9204,0.0,1.0,0.0,0.0,1.0,0.9204,0.7283619047619048,0.0,Stable,False
2025-10-31,Shiba Inu,0.58045,0.58045,0.5347848586113859,2.0,0.0,0.0,2.0,0.8718357142857143,0.7216386363636363,-0.33995,Declining,False
2025-11-01,Shiba Inu,0.58045,0.58045,0.5347848586113859,2.0,0.0,0.0,2.0,0.8232714285714285,0.7154999999999999,0.0,Stable,False
2025-11-02,Shiba Inu,0.58045,0.58045,0.5347848586113859,2.0,0.0,0.0,2.0,0.7747071428571429,0.7098729166666667,0.0,Stable,False
2025-11-03,Shiba Inu,0.58045,0.58045,0.5347848586113859,2.0,0.0,0.0,2.0,0.7261428571428572,0.704696,0.0,Stable,False
2025-11-04,Shiba Inu,0.58045,0.58045,0.5347848586113859,2.0,0.0,0.0,2.0,0.6775785714285715,0.6999173076923076,0.0,Stable,False
2025-11-05,Shiba Inu,0.58045,0.58045,0.5347848586113859,2.0,0.0,0.0,2.0,0.6290142857142857,0.6954925925925927,0.0,Stable,False
2025-11-06,Shiba Inu,0.58045,0.58045,0.5347848586113859,2.0,0.0,0.0,2.0,0.58045,0.6913839285714286,0.0,Stable,False
2025-11-07,Shiba Inu,0.58045,0.58045,0.5347848586113859,2.0,0.0,0.0,2.0,0.58045,0.6875586206896551,0.0,Stable,False
2025-11-08,Shiba Inu,0.58045,0.58045,0.5347848586113859,2.0,0.0,0.0,2.0,0.58045,0.6839883333333333,0.0,Stable,False
2025-11-09,Shiba Inu,0.58045,0.58045,0.5347848586113859,2.0,0.0,0.0,2.0,0.58045,0.7062633333333335,0.0,Stable,False
2025-11-10,Shiba Inu,0.58045,0.58045,0.5347848586113859,2.0,0.0,0.0,2.0,0.58045,0.7285383333333333,0.0,Stable,False
2025-11-11,Shiba Inu,0.58045,0.58045,0.5347848586113859,2.0,0.0,0.0,2.0,0.58045,0.7508133333333333,0.0,Stable,False
2025-11-12,Shiba Inu,0.58045,0.58045,0.5347848586113859,2.0,0.0,0.0,2.0,0.58045,0.7730883333333334,0.0,Stable,False
2025-11-13,Shiba Inu,0.58045,0.58045,0.5347848586113859,2.0,0.0,0.0,2.0,0.58045,0.7617566666666667,0.0,Stable,False
2025-09-30,Solana,0.18198333333333336,0.19215,0.3855840007918724,6.0,1.0,1.0,4.0,0.18198333333333336,0.18198333333333336,,Stable,False
2025-10-01,Solana,0.14996216216216218,0.0,0.49504635100123673,37.0,9.0,13.0,15.0,0.16597274774774778,0.16597274774774778,-0.032021171171171176,Declining,False
2025-10-02,Solana,0.3234235294117647,0.2732,0.34956550088898175,17.0,0.0,7.0,10.0,0.21845634163575342,0.21845634163575342,0.17346136724960254,Improving,False
2025-10-03,Solana,0.35381999999999997,0.4588,0.32262919376068044,25.0,1.0,8.0,16.0,0.25229725622681504,0.25229725622681504,0.030396470588235247,Improving,False
2025-10-04,Solana,0.27973,0.3612,0.5054658204732213,10.0,1.0,3.0,6.0,0.25778380498145204,0.25778380498145204,-0.07408999999999999,Declining,False
2025-10-05,Solana,0.23018461538461538,0.3612,0.5298699098932269,13.0,3.0,2.0,8.0,0.2531839400486459,0.2531839400486459,-0.0495453846153846,Declining,False
2025-10-06,Solana,0.1836529411764706,0.0,0.4102171012367218,17.0,3.0,7.0,7.0,0.24325094020976373,0.24325094020976373,-0.046531674208144774,Declining,False
2025-10-07,Solana,0.030188235294117648,0.0,0.3792660904338024,17.0,4.0,8.0,5.0,0.22156592620416146,0.21661810209530796,-0.15346470588235295,Declining,True
2025-10-08,Solana,0.2107125,0.11315,0.4548045088276941,8.0,1.0,3.0,4.0,0.23024454589528118,0.2159619240847182,0.18052426470588234,Improving,False
2025-10-09,Solana,0.350795,0.43095,0.45393862844523036,20.0,3.0,5.0,12.0,0.23415475597931484,0.2294452316762464,0.14008250000000003,Improving,False
2025-10-10,Solana,0.1594444444444444,0.3182,0.5907517818659355,9.0,3.0,1.0,5.0,0.2063868194713783,0.2230815237460826,-0.19135055555555563,Declining,False
2025-10-11,Solana,0.27176,0.27155,0.5905071684577589,10.0,2.0,2.0,6.0,0.20524824804280686,0.227138063433909,0.11231555555555561,Improving,False
2025-10-12,Solana,0.07843181818181817,0.0,0.445128797183749,22.0,6.0,7.0,9.0,0.18356927701383582,0.2156991214914405,-0.19332818181818184,Declining,False
2025-10-13,Solana,0.5505666666666666,0.6414500000000001,0.32821176497296173,6.0,0.0,1.0,5.0,0.2359855235124353,0.2396182318610995,0.4721348484848485,Improving,True
2025-10-14,Solana,0.3728928571428572,0.31035,0.36646565893112576,14.0,1.0,3.0,10.0,0.28494332663368377,0.24850320687988336,-0.17767380952380946,Declining,False
2025-10-15,Solana,0.39244117647058824,0.4118,0.4080934881537923,17.0,1.0,4.0,12.0,0.31090456612948214,0.2574993299793024,0.019548319327731045,Improving,False
2025-10-16,Solana,0.24734642857142858,0.08895,0.4563097895737571,28.0,6.0,8.0,14.0,0.2961261987825433,0.2569021004847216,-0.14509474789915966,Declining,False
2025-10-17,Solana,0.3600230769230769,0.3919,0.49506108066555143,13.0,3.0,0.0,10.0,0.3247802891366337,0.26263104362018574,0.11267664835164831,Improving,False
2025-10-18,Solana,0.161895,0.0,0.40676466942136663,20.0,4.0,8.0,8.0,0.3090852891366337,0.2573291465875444,-0.19812807692307688,Declining,False
2025-10-19,Solana,0.1334,0.2143,0.42132649871390543,28.0,7.0,5.0,16.0,0.3169378865392311,0.25113268925816723,-0.02849500000000002,Declining,False
2025-10-20,Solana,0.34570666666666666,0.3818,0.29619648996344755,15.0,0.0,4.0,11.0,0.2876721722535168,0.2556362119919053,0.21230666666666667,Improving,False
2025-10-21,Solana,0.20006111111111113,0.0258,0.34656189352805594,18.0,2.0,8.0,8.0,0.2629819228204102,0.2531100710427783,-0.14564555555555553,Declining,False
2025-10-22,Solana,0.34342352941176474,0.2263,0.4393367224143284,17.0,1.0,6.0,10.0,0.25597940181200685,0.2570367431457777,0.1433624183006536,Improving,False
2025-10-23,Solana,0.22652999999999998,0.07655,0.39043927501428977,20.0,2.0,8.0,10.0,0.2530056263018028,0.25576562884803694,-0.11689352941176476,Declining,False
2025-10-24,Solana,0.29305454545454546,0.25,0.4399596853431831,11.0,1.0,3.0,7.0,0.24343869323486972,0.2572571855122973,0.06652454545454548,Improving,False
2025-10-25,Solana,0.12555,0.0,0.43685724594349273,16.0,5.0,5.0,6.0,0.23824655037772685,0.2521915245310551,-0.16750454545454546,Declining,False
2025-10-26,Solana,0.1697,0.0,0.552982434621571,21.0,6.0,5.0,10.0,0.24343226466344112,0.24913628288175674,0.044149999999999995,Improving,False
2025-10-27,Solana,0.05077647058823529,0.0,0.40976524915097995,17.0,5.0,7.0,5.0,0.20129937950937954,0.24205200387127385,-0.1189235294117647,Declining,False
2025-10-28,Solana,0.19931290322580644,0.0,0.4694507419967406,31.0,4.0,15.0,12.0,0.2011924926686217,0.2405782417800508,0.14853643263757116,Improving,False
2025-10-29,Solana,0.39248399999999994,0.4019,0.4056217323237666,25.0,3.0,4.0,18.0,0.20820113132408388,0.24564176705404914,0.1931710967741935,Improving,False
2025-10-30,Solana,0.2166722222222222,0.1375,0.46334854725339336,18.0,3.0,5.0,10.0,0.20679287735582988,0.24679806335034543,-0.17581177777777773,Declining,False
2025-10-31,Solana,0.1484909090909091,0.0,0.3786585730035581,11.0,2.0,6.0,3.0,0.18614092930388185,0.24674902158130366,-0.06818131313131312,Declining,False
2025-11-01,Solana,0.1539,0.0129,0.5397199866597493,6.0,1.0,3.0,2.0,0.19019092930388187,0.24109823726757815,0.005409090909090919,Stable,False
2025-11-02,Solana,0.1539,0.0129,0.5397199866597493,6.0,1.0,3.0,2.0,0.187933786446739,0.23443423726757817,0.0,Stable,False
2025-11-03,Solana,0.1539,0.0129,0.5397199866597493,6.0,1.0,3.0,2.0,0.20266571921984824,0.23023990393424482,0.0,Stable,False
2025-11-04,Solana,0.1477,0.1477,0.0,1.0,0.0,0.0,1.0,0.19529244733044734,0.22749041675475765,-0.006200000000000011,Stable,False
2025-11-05,Solana,0.1477,0.1477,0.0,1.0,0.0,0.0,1.0,0.16032330447330448,0.22629198538220863,0.0,Stable,False
2025-11-06,Solana,0.1477,0.1477,0.0,1.0,0.0,0.0,1.0,0.1504701298701299,0.23020904420573804,0.0,Stable,False
2025-11-07,Solana,0.1477,0.1477,0.0,1.0,0.0,0.0,1.0,0.15035714285714286,0.22810862753907138,0.0,Stable,False
2025-11-08,Solana,0.1477,0.1477,0.0,1.0,0.0,0.0,1.0,0.14947142857142856,0.22133879420573802,0.0,Stable,False
2025-11-09,Solana,0.1477,0.1477,0.0,1.0,0.0,0.0,1.0,0.1485857142857143,0.22094731272425655,0.0,Stable,False
2025-11-10,Solana,0.1477,0.1477,0.0,1.0,0.0,0.0,1.0,0.1477,0.21681197939092323,0.0,Stable,False
2025-11-11,Solana,0.1477,0.1477,0.0,1.0,0.0,0.0,1.0,0.1477,0.21912091878486262,0.0,Stable,False
2025-11-12,Solana,0.1477,0.1477,0.0,1.0,0.0,0.0,1.0,0.1477,0.20569202989597374,0.0,Stable,False
2025-11-13,Solana,0.1477,0.1477,0.0,1.0,0.0,0.0,1.0,0.1477,0.19818560132454516,0.0,Stable,False
2025-09-30,Stellar,,,,,,,,,,,Stable,False
2025-10-01,Stellar,,,,,,,,,,,Stable,False
2025-10-02,Stellar,,,,,,,,,,,Stable,False
2025-10-03,Stellar,,,,,,,,,,,Stable,False
2025-10-04,Stellar,,,,,,,,,,,Stable,False
2025-10-05,Stellar,,,,,,,,,,,Stable,False
2025-10-06,Stellar,,,,,,,,,,,Stable,False
2025-10-07,Stellar,,,,,,,,,,,Stable,False
2025-10-08,Stellar,,,,,,,,,,,Stable,False
2025-10-09,Stellar,,,,,,,,,,,Stable,False
2025-10-10,Stellar,,,,,,,,,,,Stable,False
2025-10-11,Stellar,,,,,,,,,,,Stable,False
2025-10-12,Stellar,,,,,,,,,,,Stable,False
2025-10-13,Stellar,,,,,,,,,,,Stable,False
2025-10-14,Stellar,,,,,,,,,,,Stable,False
2025-10-15,Stellar,,,,,,,,,,,Stable,False
2025-10-16,Stellar,,,,,,,,,,,Stable,False
2025-10-17,Stellar,,,,,,,,,,,Stable,False
2025-10-18,Stellar,,,,,,,,,,,Stable,False
2025-10-19,Stellar,,,,,,,,,,,Stable,False
2025-10-20,Stellar,,,,,,,,,,,Stable,False
2025-10-21,Stellar,,,,,,,,,,,Stable,False
2025-10-22,Stellar,,,,,,,,,,,Stable,False
2025-10-23,Stellar,0.9914,0.9914,0.0,1.0,0.0,0.0,1.0,0.9914,0.9914,,Stable,False
2025-10-24,Stellar,0.9914,0.9914,0.0,1.0,0.0,0.0,1.0,0.9914,0.9914,0.0,Stable,False
2025-10-25,Stellar,0.9914,0.9914,0.0,1.0,0.0,0.0,1.0,0.9914,0.9914,0.0,Stable,False
2025-10-26,Stellar,0.0,0.0,0.0,1.0,0.0,1.0,0.0,0.7435499999999999,0.7435499999999999,-0.9914,Declining,True
2025-10-27,Stellar,0.0,0.0,0.0,1.0,0.0,1.0,0.0,0.5948399999999999,0.5948399999999999,0.0,Stable,True
2025-10-28,Stellar,0.5719,0.5719,0.0,1.0,0.0,0.0,1.0,0.5910166666666666,0.5910166666666666,0.5719,Improving,False
2025-10-29,Stellar,0.5719,0.5719,0.0,1.0,0.0,0.0,1.0,0.5882857142857142,0.5882857142857142,0.0,Stable,False
2025-10-30,Stellar,0.5719,0.5719,0.0,1.0,0.0,0.0,1.0,0.5283571428571429,0.5862375,0.0,Stable,False
2025-10-31,Stellar,0.5719,0.5719,0.0,1.0,0.0,0.0,1.0,0.46842857142857136,0.5846444444444444,0.0,Stable,False
2025-11-01,Stellar,0.5719,0.5719,0.0,1.0,0.0,0.0,1.0,0.4085,0.5833699999999999,0.0,Stable,False
2025-11-02,Stellar,0.5719,0.5719,0.0,1.0,0.0,0.0,1.0,0.4902,0.5823272727272727,0.0,Stable,False
2025-11-03,Stellar,0.5719,0.5719,0.0,1.0,0.0,0.0,1.0,0.5719,0.5814583333333333,0.0,Stable,False
2025-11-04,Stellar,0.5719,0.5719,0.0,1.0,0.0,0.0,1.0,0.5719,0.5807230769230769,0.0,Stable,False
2025-11-05,Stellar,0.5719,0.5719,0.0,1.0,0.0,0.0,1.0,0.5719,0.5800928571428571,0.0,Stable,False
2025-11-06,Stellar,0.5719,0.5719,0.0,1.0,0.0,0.0,1.0,0.5719,0.5795466666666667,0.0,Stable,False
2025-11-07,Stellar,0.5719,0.5719,0.0,1.0,0.0,0.0,1.0,0.5719,0.57906875,0.0,Stable,False
2025-11-08,Stellar,0.5719,0.5719,0.0,1.0,0.0,0.0,1.0,0.5719,0.5786470588235294,0.0,Stable,False
2025-11-09,Stellar,0.5719,0.5719,0.0,1.0,0.0,0.0,1.0,0.5719,0.5782722222222222,0.0,Stable,False
2025-11-10,Stellar,0.5719,0.5719,0.0,1.0,0.0,0.0,1.0,0.5719,0.5779368421052631,0.0,Stable,False
2025-11-11,Stellar,0.5719,0.5719,0.0,1.0,0.0,0.0,1.0,0.5719,0.577635,0.0,Stable,False
2025-11-12,Stellar,0.5719,0.5719,0.0,1.0,0.0,0.0,1.0,0.5719,0.5773619047619047,0.0,Stable,False
2025-11-13,Stellar,0.5719,0.5719,0.0,1.0,0.0,0.0,1.0,0.5719,0.5771136363636363,0.0,Stable,False
2025-09-30,Sui,,,,,,,,,,,Stable,False
2025-10-01,Sui,,,,,,,,,,,Stable,False
2025-10-02,Sui,,,,,,,,,,,Stable,False
2025-10-03,Sui,,,,,,,,,,,Stable,False
2025-10-04,Sui,,,,,,,,,,,Stable,False
2025-10-05,Sui,,,,,,,,,,,Stable,False
2025-10-06,Sui,,,,,,,,,,,Stable,False
2025-10-07,Sui,,,,,,,,,,,Stable,False
2025-10-08,Sui,,,,,,,,,,,Stable,False
2025-10-09,Sui,,,,,,,,,,,Stable,False
2025-10-10,Sui,-0.5574,-0.5574,0.0,1.0,1.0,0.0,0.0,-0.5574,-0.5574,,Stable,False
2025-10-11,Sui,0.7787,0.7787,0.0,1.0,0.0,0.0,1.0,0.11064999999999997,0.11064999999999997,1.3361,Improving,True
2025-10-12,Sui,0.2698,0.2698,0.0,1.0,0.0,0.0,1.0,0.16369999999999998,0.16369999999999998,-0.5088999999999999,Declining,False
2025-10-13,Sui,-0.3818,-0.3818,0.0,1.0,1.0,0.0,0.0,0.027324999999999988,0.027324999999999988,-0.6516,Declining,True
2025-10-14,Sui,-0.3818,-0.3818,0.0,1.0,1.0,0.0,0.0,-0.05450000000000001,-0.05450000000000001,0.0,Stable,True
2025-10-15,Sui,-0.3818,-0.3818,0.0,1.0,1.0,0.0,0.0,-0.10905,-0.10905,0.0,Stable,False
2025-10-16,Sui,-0.3818,-0.3818,0.0,1.0,1.0,0.0,0.0,-0.1480142857142857,-0.1480142857142857,0.0,Stable,False
2025-10-17,Sui,-0.3818,-0.3818,0.0,1.0,1.0,0.0,0.0,-0.12292857142857141,-0.1772375,0.0,Stable,False
2025-10-18,Sui,-0.3818,-0.3818,0.0,1.0,1.0,0.0,0.0,-0.2887142857142857,-0.19996666666666665,0.0,Stable,False
2025-10-19,Sui,-0.3818,-0.3818,0.0,1.0,1.0,0.0,0.0,-0.3818,-0.21814999999999998,0.0,Stable,False
2025-10-20,Sui,-0.3818,-0.3818,0.0,1.0,1.0,0.0,0.0,-0.3818,-0.23302727272727272,0.0,Stable,False
2025-10-21,Sui,-0.3818,-0.3818,0.0,1.0,1.0,0.0,0.0,-0.3818,-0.245425,0.0,Stable,False
2025-10-22,Sui,0.0,0.0,0.0,1.0,0.0,1.0,0.0,-0.32725714285714286,-0.22654615384615384,0.3818,Improving,True
2025-10-23,Sui,0.0,0.0,0.0,1.0,0.0,1.0,0.0,-0.2727142857142857,-0.21036428571428573,0.0,Stable,False
2025-10-24,Sui,0.0,0.0,0.0,1.0,0.0,1.0,0.0,-0.21817142857142854,-0.19634000000000001,0.0,Stable,False
2025-10-25,Sui,0.0,0.0,0.0,1.0,0.0,1.0,0.0,-0.16362857142857143,-0.18406875,0.0,Stable,False
2025-10-26,Sui,0.0,0.0,0.0,1.0,0.0,1.0,0.0,-0.10908571428571427,-0.17324117647058823,0.0,Stable,False
2025-10-27,Sui,0.0,0.0,0.0,1.0,0.0,1.0,0.0,-0.054542857142857136,-0.16361666666666666,0.0,Stable,False
2025-10-28,Sui,0.0,0.0,0.0,1.0,0.0,1.0,0.0,0.0,-0.15500526315789473,0.0,Stable,False
2025-10-29,Sui,0.0,0.0,0.0,1.0,0.0,1.0,0.0,0.0,-0.147255,0.0,Stable,False
2025-10-30,Sui,0.0,0.0,0.0,1.0,0.0,1.0,0.0,0.0,-0.14024285714285714,0.0,Stable,False
2025-10-31,Sui,0.0,0.0,0.0,1.0,0.0,1.0,0.0,0.0,-0.13386818181818183,0.0,Stable,False
2025-11-01,Sui,0.0,0.0,0.0,1.0,0.0,1.0,0.0,0.0,-0.12804782608695653,0.0,Stable,False
2025-11-02,Sui,0.0,0.0,0.0,1.0,0.0,1.0,0.0,0.0,-0.1227125,0.0,Stable,False
2025-11-03,Sui,0.0,0.0,0.0,1.0,0.0,1.0,0.0,0.0,-0.117804,0.0,Stable,False
2025-11-04,Sui,0.0,0.0,0.0,1.0,0.0,1.0,0.0,0.0,-0.11327307692307692,0.0,Stable,False
2025-11-05,Sui,0.0,0.0,0.0,1.0,0.0,1.0,0.0,0.0,-0.10907777777777777,0.0,Stable,False
2025-11-06,Sui,0.0,0.0,0.0,1.0,0.0,1.0,0.0,0.0,-0.10518214285714286,0.0,Stable,False
2025-11-07,Sui,0.0,0.0,0.0,1.0,0.0,1.0,0.0,0.0,-0.10155517241379311,0.0,Stable,False
2025-11-08,Sui,0.0,0.0,0.0,1.0,0.0,1.0,0.0,0.0,-0.09817000000000001,0.0,Stable,False
2025-11-09,Sui,0.0,0.0,0.0,1.0,0.0,1.0,0.0,0.0,-0.07959,0.0,Stable,False
2025-11-10,Sui,0.0,0.0,0.0,1.0,0.0,1.0,0.0,0.0,-0.10554666666666665,0.0,Stable,False
2025-11-11,Sui,0.0,0.0,0.0,1.0,0.0,1.0,0.0,0.0,-0.11453999999999999,0.0,Stable,False
2025-11-12,Sui,0.0,0.0,0.0,1.0,0.0,1.0,0.0,0.0,-0.10181333333333331,0.0,Stable,False
2025-11-13,Sui,0.0,0.0,0.0,1.0,0.0,1.0,0.0,0.0,-0.08908666666666668,0.0,Stable,False
2025-09-30,TRON,,,,,,,,,,,Stable,False
2025-10-01,TRON,,,,,,,,,,,Stable,False
2025-10-02,TRON,,,,,,,,,,,Stable,False
2025-10-03,TRON,,,,,,,,,,,Stable,False
2025-10-04,TRON,,,,,,,,,,,Stable,False
2025-10-05,TRON,,,,,,,,,,,Stable,False
2025-10-06,TRON,,,,,,,,,,,Stable,False
2025-10-07,TRON,,,,,,,,,,,Stable,False
2025-10-08,TRON,,,,,,,,,,,Stable,False
2025-10-09,TRON,,,,,,,,,,,Stable,False
2025-10-10,TRON,,,,,,,,,,,Stable,False
2025-10-11,TRON,,,,,,,,,,,Stable,False
2025-10-12,TRON,,,,,,,,,,,Stable,False
2025-10-13,TRON,,,,,,,,,,,Stable,False
2025-10-14,TRON,,,,,,,,,,,Stable,False
2025-10-15,TRON,,,,,,,,,,,Stable,False
2025-10-16,TRON,,,,,,,,,,,Stable,False
2025-10-17,TRON,,,,,,,,,,,Stable,False
2025-10-18,TRON,,,,,,,,,,,Stable,False
2025-10-19,TRON,,,,,,,,,,,Stable,False
2025-10-20,TRON,,,,,,,,,,,Stable,False
2025-10-21,TRON,0.0,0.0,0.0,1.0,0.0,1.0,0.0,0.0,0.0,,Stable,False
2025-10-22,TRON,0.0,0.0,0.0,1.0,0.0,1.0,0.0,0.0,0.0,0.0,Stable,False
2025-10-23,TRON,0.0,0.0,0.0,1.0,0.0,1.0,0.0,0.0,0.0,0.0,Stable,False
2025-10-24,TRON,0.0,0.0,0.0,1.0,0.0,1.0,0.0,0.0,0.0,0.0,Stable,False
2025-10-25,TRON,-0.5267,-0.5267,0.0,1.0,1.0,0.0,0.0,-0.10533999999999999,-0.10533999999999999,-0.5267,Declining,False
2025-10-26,TRON,-0.5267,-0.5267,0.0,1.0,1.0,0.0,0.0,-0.17556666666666665,-0.17556666666666665,0.0,Stable,False
2025-10-27,TRON,-0.5267,-0.5267,0.0,1.0,1.0,0.0,0.0,-0.22572857142857142,-0.22572857142857142,0.0,Stable,False
2025-10-28,TRON,0.4576,0.4576,0.0,1.0,0.0,0.0,1.0,-0.16035714285714284,-0.14031249999999998,0.9843,Improving,False
2025-10-29,TRON,0.6597,0.6597,0.0,1.0,0.0,0.0,1.0,-0.0661142857142857,-0.05142222222222221,0.20209999999999995,Improving,True
2025-10-30,TRON,-0.3612,-0.3612,0.0,1.0,1.0,0.0,0.0,-0.11771428571428569,-0.08239999999999999,-1.0209,Declining,False
2025-10-31,TRON,0.7579,0.7579,0.0,1.0,0.0,0.0,1.0,-0.009442857142857117,-0.006009090909090894,1.1191,Improving,True
2025-11-01,TRON,0.7579,0.7579,0.0,1.0,0.0,0.0,1.0,0.1740714285714286,0.057650000000000014,0.0,Stable,False
2025-11-02,TRON,0.7579,0.7579,0.0,1.0,0.0,0.0,1.0,0.3575857142857143,0.11151538461538463,0.0,Stable,False
2025-11-03,TRON,0.7579,0.7579,0.0,1.0,0.0,0.0,1.0,0.5411,0.1576857142857143,0.0,Stable,False
2025-11-04,TRON,0.7579,0.7579,0.0,1.0,0.0,0.0,1.0,0.584,0.19770000000000004,0.0,Stable,False
2025-11-05,TRON,0.7579,0.7579,0.0,1.0,0.0,0.0,1.0,0.5980285714285714,0.23271250000000002,0.0,Stable,False
2025-11-06,TRON,0.7579,0.7579,0.0,1.0,0.0,0.0,1.0,0.7579,0.2636058823529412,0.0,Stable,False
2025-11-07,TRON,0.7579,0.7579,0.0,1.0,0.0,0.0,1.0,0.7579,0.2910666666666667,0.0,Stable,False
2025-11-08,TRON,0.7579,0.7579,0.0,1.0,0.0,0.0,1.0,0.7579,0.31563684210526316,0.0,Stable,False
2025-11-09,TRON,0.7579,0.7579,0.0,1.0,0.0,0.0,1.0,0.7579,0.33775000000000005,0.0,Stable,False
2025-11-10,TRON,0.7579,0.7579,0.0,1.0,0.0,0.0,1.0,0.7579,0.3577571428571429,0.0,Stable,False
2025-11-11,TRON,0.7579,0.7579,0.0,1.0,0.0,0.0,1.0,0.7579,0.3759454545454546,0.0,Stable,False
2025-11-12,TRON,0.7579,0.7579,0.0,1.0,0.0,0.0,1.0,0.7579,0.3925521739130435,0.0,Stable,False
2025-11-13,TRON,0.7579,0.7579,0.0,1.0,0.0,0.0,1.0,0.7579,0.407775,0.0,Stable,False
2025-09-30,Tether,,,,,,,,,,,Stable,False
2025-10-01,Tether,,,,,,,,,,,Stable,False
2025-10-02,Tether,0.5574,0.5574,0.0,1.0,0.0,0.0,1.0,0.5574,0.5574,,Stable,False
2025-10-03,Tether,0.5574,0.5574,0.0,1.0,0.0,0.0,1.0,0.5574,0.5574,0.0,Stable,False
2025-10-04,Tether,0.5574,0.5574,0.0,1.0,0.0,0.0,1.0,0.5574,0.5574,0.0,Stable,False
2025-10-05,Tether,0.5574,0.5574,0.0,1.0,0.0,0.0,1.0,0.5574,0.5574,0.0,Stable,False
2025-10-06,Tether,0.40605,0.40605,0.12423866145447639,2.0,0.0,0.0,2.0,0.52713,0.52713,-0.15134999999999998,Declining,False
2025-10-07,Tether,0.40605,0.40605,0.12423866145447639,2.0,0.0,0.0,2.0,0.50695,0.50695,0.0,Stable,False
2025-10-08,Tether,0.872,0.872,0.0,1.0,0.0,0.0,1.0,0.5591,0.5591,0.46595,Improving,False
2025-10-09,Tether,0.872,0.872,0.0,1.0,0.0,0.0,1.0,0.6040428571428571,0.5982125,0.0,Stable,False
2025-10-10,Tether,0.872,0.872,0.0,1.0,0.0,0.0,1.0,0.6489857142857142,0.6286333333333334,0.0,Stable,False
2025-10-11,Tether,-0.0386,-0.0386,0.054588643507601474,2.0,1.0,1.0,0.0,0.5638428571428571,0.56191,-0.9106,Declining,False
2025-10-12,Tether,0.7308,0.7308,0.0,1.0,0.0,0.0,1.0,0.5886142857142858,0.5772636363636363,0.7694,Improving,False
2025-10-13,Tether,0.7308,0.7308,0.0,1.0,0.0,0.0,1.0,0.6350071428571429,0.5900583333333334,0.0,Stable,False
2025-10-14,Tether,0.7308,0.7308,0.0,1.0,0.0,0.0,1.0,0.6814,0.6008846153846155,0.0,Stable,False
2025-10-15,Tether,0.7646,0.7646,0.01979898987322331,2.0,0.0,0.0,2.0,0.6660571428571428,0.6125785714285714,0.03379999999999994,Improving,False
2025-10-16,Tether,0.7646,0.7646,0.01979898987322331,2.0,0.0,0.0,2.0,0.6507142857142857,0.6227133333333333,0.0,Stable,False
2025-10-17,Tether,0.7646,0.7646,0.01979898987322331,2.0,0.0,0.0,2.0,0.6353714285714285,0.63158125,0.0,Stable,False
2025-10-18,Tether,0.7646,0.7646,0.01979898987322331,2.0,0.0,0.0,2.0,0.7501142857142857,0.6394058823529412,0.0,Stable,False
2025-10-19,Tether,-0.4019,-0.4019,0.0,1.0,1.0,0.0,0.0,0.5883,0.5815555555555556,-1.1664999999999999,Declining,True
2025-10-20,Tether,-0.5423,-0.5423,0.0,1.0,1.0,0.0,0.0,0.4064285714285714,0.5224052631578947,-0.14040000000000002,Declining,True
2025-10-21,Tether,0.02581428571428571,0.0,0.47127935957551204,7.0,2.0,3.0,2.0,0.3057163265306122,0.4975757142857143,0.5681142857142857,Improving,False
2025-10-22,Tether,0.0858,0.0858,0.19869700551341987,2.0,1.0,0.0,1.0,0.20874489795918366,0.4779673469387755,0.059985714285714295,Improving,False
2025-10-23,Tether,0.0858,0.0858,0.19869700551341987,2.0,1.0,0.0,1.0,0.1117734693877551,0.4601415584415584,0.0,Stable,False
2025-10-24,Tether,0.23775000000000002,0.2202,0.2760219013049508,4.0,0.0,2.0,2.0,0.03650918367346939,0.45047236024844717,0.15195000000000003,Improving,False
2025-10-25,Tether,0.22646666666666668,0.3182,0.1973008193934666,3.0,0.0,1.0,2.0,-0.04036700680272108,0.44113878968253967,-0.01128333333333334,Declining,False
2025-10-26,Tether,0.0,0.0,0.0,1.0,0.0,1.0,0.0,0.01704727891156463,0.4234932380952381,-0.22646666666666668,Declining,False
2025-10-27,Tether,0.21230000000000002,0.0,0.36771438644687265,3.0,0.0,2.0,1.0,0.12484727891156464,0.41537042124542123,0.21230000000000002,Improving,False
2025-10-28,Tether,-0.08416666666666665,-0.0315,0.5699280159224789,3.0,1.0,1.0,1.0,0.1091357142857143,0.39686904761904757,-0.29646666666666666,Declining,False
2025-10-29,Tether,-0.08416666666666665,-0.0315,0.5699280159224789,3.0,1.0,1.0,1.0,0.08485476190476192,0.37968920068027207,0.0,Stable,False
2025-10-30,Tether,-0.08416666666666665,-0.0315,0.5699280159224789,3.0,1.0,1.0,1.0,0.06057380952380954,0.363694170771757,0.0,Stable,False
2025-10-31,Tether,0.8229,0.8229,0.0,1.0,0.0,0.0,1.0,0.1441666666666667,0.3790010317460318,0.9070666666666666,Improving,True
2025-11-01,Tether,0.8687,0.8687,0.0,1.0,0.0,0.0,1.0,0.23591428571428572,0.3893776984126985,0.04580000000000006,Improving,False
2025-11-02,Tether,0.4404,0.4404,0.0,1.0,0.0,0.0,1.0,0.29882857142857144,0.38547769841269836,-0.4283,Declining,False
2025-11-03,Tether,0.4404,0.4404,0.0,1.0,0.0,0.0,1.0,0.3314142857142857,0.3815776984126984,0.0,Stable,False
2025-11-04,Tether,0.4404,0.4404,0.0,1.0,0.0,0.0,1.0,0.4063523809523809,0.37767769841269844,0.0,Stable,False
2025-11-05,Tether,0.4404,0.4404,0.0,1.0,0.0,0.0,1.0,0.4812904761904762,0.37882269841269844,0.0,Stable,False
2025-11-06,Tether,0.4404,0.4404,0.0,1.0,0.0,0.0,1.0,0.5562285714285714,0.3799676984126984,0.0,Stable,False
2025-11-07,Tether,0.0,0.0,0.0,1.0,0.0,1.0,0.0,0.43867142857142866,0.35090103174603177,-0.4404,Declining,False
2025-11-08,Tether,0.0,0.0,0.0,1.0,0.0,1.0,0.0,0.31457142857142856,0.3218343650793651,0.0,Stable,False
2025-11-09,Tether,0.0,0.0,0.0,1.0,0.0,1.0,0.0,0.25165714285714286,0.29276769841269845,0.0,Stable,False
2025-11-10,Tether,0.0,0.0,0.0,1.0,0.0,1.0,0.0,0.18874285714285716,0.2940543650793651,0.0,Stable,False
2025-11-11,Tether,0.5503,0.5256,0.08857183525252255,3.0,0.0,0.0,3.0,0.20444285714285715,0.28803769841269844,0.5503,Improving,False
2025-11-12,Tether,0.5503,0.5256,0.08857183525252255,3.0,0.0,0.0,3.0,0.22014285714285714,0.28202103174603177,0.0,Stable,False
2025-11-13,Tether,0.5503,0.5256,0.08857183525252255,3.0,0.0,0.0,3.0,0.23584285714285716,0.2760043650793651,0.0,Stable,False
2025-09-30,Tether Gold,,,,,,,,,,,Stable,False
2025-10-01,Tether Gold,,,,,,,,,,,Stable,False
2025-10-02,Tether Gold,,,,,,,,,,,Stable,False
2025-10-03,Tether Gold,,,,,,,,,,,Stable,False
2025-10-04,Tether Gold,,,,,,,,,,,Stable,False
2025-10-05,Tether Gold,,,,,,,,,,,Stable,False
2025-10-06,Tether Gold,,,,,,,,,,,Stable,False
2025-10-07,Tether Gold,,,,,,,,,,,Stable,False
2025-10-08,Tether Gold,,,,,,,,,,,Stable,False
2025-10-09,Tether Gold,,,,,,,,,,,Stable,False
2025-10-10,Tether Gold,,,,,,,,,,,Stable,False
2025-10-11,Tether Gold,,,,,,,,,,,Stable,False
2025-10-12,Tether Gold,,,,,,,,,,,Stable,False
2025-10-13,Tether Gold,,,,,,,,,,,Stable,False
2025-10-14,Tether Gold,,,,,,,,,,,Stable,False
2025-10-15,Tether Gold,,,,,,,,,,,Stable,False
2025-10-16,Tether Gold,,,,,,,,,,,Stable,False
2025-10-17,Tether Gold,,,,,,,,,,,Stable,False
2025-10-18,Tether Gold,,,,,,,,,,,Stable,False
2025-10-19,Tether Gold,,,,,,,,,,,Stable,False
2025-10-20,Tether Gold,,,,,,,,,,,Stable,False
2025-10-21,Tether Gold,,,,,,,,,,,Stable,False
2025-10-22,Tether Gold,,,,,,,,,,,Stable,False
2025-10-23,Tether Gold,,,,,,,,,,,Stable,False
2025-10-24,Tether Gold,,,,,,,,,,,Stable,False
2025-10-25,Tether Gold,,,,,,,,,,,Stable,False
2025-10-26,Tether Gold,0.2732,0.2732,0.0,1.0,0.0,0.0,1.0,0.2732,0.2732,,Stable,False
2025-10-27,Tether Gold,0.2732,0.2732,0.0,1.0,0.0,0.0,1.0,0.2732,0.2732,0.0,Stable,False
2025-10-28,Tether Gold,0.34,0.34,0.0,1.0,0.0,0.0,1.0,0.2954666666666667,0.2954666666666667,0.06680000000000003,Improving,True
2025-10-29,Tether Gold,0.34,0.34,0.0,1.0,0.0,0.0,1.0,0.3066,0.3066,0.0,Stable,True
2025-10-30,Tether Gold,0.34,0.34,0.0,1.0,0.0,0.0,1.0,0.31328,0.31328,0.0,Stable,True
2025-10-31,Tether Gold,0.34,0.34,0.0,1.0,0.0,0.0,1.0,0.31773333333333337,0.31773333333333337,0.0,Stable,False
2025-11-01,Tether Gold,0.34,0.34,0.0,1.0,0.0,0.0,1.0,0.3209142857142857,0.3209142857142857,0.0,Stable,False
2025-11-02,Tether Gold,0.34,0.34,0.0,1.0,0.0,0.0,1.0,0.3304571428571429,0.32330000000000003,0.0,Stable,False
2025-11-03,Tether Gold,0.34,0.34,0.0,1.0,0.0,0.0,1.0,0.34,0.3251555555555556,0.0,Stable,False
2025-11-04,Tether Gold,0.34,0.34,0.0,1.0,0.0,0.0,1.0,0.34,0.32664,0.0,Stable,False
2025-11-05,Tether Gold,0.34,0.34,0.0,1.0,0.0,0.0,1.0,0.34,0.32785454545454545,0.0,Stable,False
2025-11-06,Tether Gold,0.34,0.34,0.0,1.0,0.0,0.0,1.0,0.34,0.3288666666666667,0.0,Stable,False
2025-11-07,Tether Gold,0.34,0.34,0.0,1.0,0.0,0.0,1.0,0.34,0.32972307692307695,0.0,Stable,False
2025-11-08,Tether Gold,0.34,0.34,0.0,1.0,0.0,0.0,1.0,0.34,0.3304571428571429,0.0,Stable,False
2025-11-09,Tether Gold,0.34,0.34,0.0,1.0,0.0,0.0,1.0,0.34,0.33109333333333335,0.0,Stable,False
2025-11-10,Tether Gold,0.34,0.34,0.0,1.0,0.0,0.0,1.0,0.34,0.33165,0.0,Stable,False
2025-11-11,Tether Gold,0.34,0.34,0.0,1.0,0.0,0.0,1.0,0.34,0.3321411764705883,0.0,Stable,False
2025-11-12,Tether Gold,0.34,0.34,0.0,1.0,0.0,0.0,1.0,0.34,0.3325777777777778,0.0,Stable,False
2025-11-13,Tether Gold,0.34,0.34,0.0,1.0,0.0,0.0,1.0,0.34,0.3329684210526316,0.0,Stable,False
2025-09-30,Toncoin,,,,,,,,,,,Stable,False
2025-10-01,Toncoin,-0.23195000000000002,-0.23195000000000002,0.18278710293672257,2.0,2.0,0.0,0.0,-0.23195000000000002,-0.23195000000000002,,Stable,False
2025-10-02,Toncoin,-0.23195000000000002,-0.23195000000000002,0.18278710293672257,2.0,2.0,0.0,0.0,-0.23195000000000002,-0.23195000000000002,0.0,Stable,False
2025-10-03,Toncoin,-0.23195000000000002,-0.23195000000000002,0.18278710293672257,2.0,2.0,0.0,0.0,-0.23195000000000002,-0.23195000000000002,0.0,Stable,False
2025-10-04,Toncoin,-0.23195000000000002,-0.23195000000000002,0.18278710293672257,2.0,2.0,0.0,0.0,-0.23195000000000002,-0.23195000000000002,0.0,Stable,False
2025-10-05,Toncoin,-0.31720000000000004,-0.31720000000000004,0.05501290757631344,2.0,2.0,0.0,0.0,-0.24900000000000003,-0.24900000000000003,-0.08525000000000002,Declining,False
2025-10-06,Toncoin,-0.31720000000000004,-0.31720000000000004,0.05501290757631344,2.0,2.0,0.0,0.0,-0.2603666666666667,-0.2603666666666667,0.0,Stable,False
2025-10-07,Toncoin,-0.31720000000000004,-0.31720000000000004,0.05501290757631344,2.0,2.0,0.0,0.0,-0.2684857142857143,-0.2684857142857143,0.0,Stable,False
2025-10-08,Toncoin,-0.31720000000000004,-0.31720000000000004,0.05501290757631344,2.0,2.0,0.0,0.0,-0.28066428571428576,-0.274575,0.0,Stable,False
2025-10-09,Toncoin,-0.31720000000000004,-0.31720000000000004,0.05501290757631344,2.0,2.0,0.0,0.0,-0.2928428571428571,-0.2793111111111111,0.0,Stable,False
2025-10-10,Toncoin,-0.31720000000000004,-0.31720000000000004,0.05501290757631344,2.0,2.0,0.0,0.0,-0.3050214285714286,-0.2831,0.0,Stable,False
2025-10-11,Toncoin,-0.23593333333333333,-0.5267,0.5171914571349118,3.0,2.0,0.0,1.0,-0.30559047619047625,-0.27881212121212123,0.08126666666666671,Improving,False
2025-10-12,Toncoin,-0.5574,-0.5574,0.0,1.0,1.0,0.0,0.0,-0.3399047619047619,-0.3020277777777778,-0.3214666666666667,Declining,False
2025-10-13,Toncoin,-0.5574,-0.5574,0.0,1.0,1.0,0.0,0.0,-0.3742190476190476,-0.3216717948717949,0.0,Stable,False
2025-10-14,Toncoin,0.4019,0.4019,0.0,1.0,0.0,0.0,1.0,-0.27149047619047617,-0.26998809523809525,0.9593,Improving,True
2025-10-15,Toncoin,0.4019,0.4019,0.0,1.0,0.0,0.0,1.0,-0.16876190476190475,-0.2251955555555556,0.0,Stable,False
2025-10-16,Toncoin,0.4019,0.4019,0.0,1.0,0.0,0.0,1.0,-0.06603333333333335,-0.18600208333333335,0.0,Stable,False
2025-10-17,Toncoin,0.4019,0.4019,0.0,1.0,0.0,0.0,1.0,0.03669523809523808,-0.15141960784313727,0.0,Stable,False
2025-10-18,Toncoin,0.4019,0.4019,0.0,1.0,0.0,0.0,1.0,0.12781428571428569,-0.12067962962962965,0.0,Stable,False
2025-10-19,Toncoin,0.4019,0.4019,0.0,1.0,0.0,0.0,1.0,0.2648571428571428,-0.09317543859649124,0.0,Stable,False
2025-10-20,Toncoin,-0.043233333333333325,0.0258,0.48336148308831284,3.0,1.0,1.0,1.0,0.3383095238095238,-0.09067833333333335,-0.4451333333333333,Declining,False
2025-10-21,Toncoin,-0.2023,-0.2023,0.0,1.0,1.0,0.0,0.0,0.2519952380952381,-0.09599365079365081,-0.1590666666666667,Declining,False
2025-10-22,Toncoin,0.0,0.0,0.0,1.0,0.0,1.0,0.0,0.19458095238095238,-0.09163030303030305,0.2023,Improving,False
2025-10-23,Toncoin,0.8775999999999999,0.8775999999999999,0.028708535316173924,2.0,0.0,0.0,2.0,0.26253809523809524,-0.04948985507246379,0.8775999999999999,Improving,True
2025-10-24,Toncoin,-0.5574,-0.5574,0.0,1.0,1.0,0.0,0.0,0.12549523809523808,-0.0706527777777778,-1.435,Declining,True
2025-10-25,Toncoin,-0.11843333333333333,-0.22725,0.7699348768997718,6.0,3.0,0.0,3.0,0.051161904761904756,-0.07256400000000002,0.43896666666666667,Improving,False
2025-10-26,Toncoin,-0.11843333333333333,-0.22725,0.7699348768997718,6.0,3.0,0.0,3.0,-0.023171428571428572,-0.07432820512820515,0.0,Stable,False
2025-10-27,Toncoin,-0.40919999999999995,-0.6103,0.5648680642415537,3.0,2.0,0.0,1.0,-0.07545238095238095,-0.08673086419753089,-0.2907666666666666,Declining,False
2025-10-28,Toncoin,-0.40919999999999995,-0.6103,0.5648680642415537,3.0,2.0,0.0,1.0,-0.10500952380952379,-0.09824761904761906,0.0,Stable,False
2025-10-29,Toncoin,-0.36755,-0.36755,0.519794194850231,2.0,1.0,1.0,0.0,-0.15751666666666667,-0.10753390804597703,0.041649999999999965,Improving,False
2025-10-30,Toncoin,0.17174999999999999,0.17174999999999999,0.20711157620953977,2.0,0.0,1.0,1.0,-0.25835238095238094,-0.09822444444444446,0.5393,Improving,False
2025-10-31,Toncoin,0.4678,0.4678,0.0,1.0,0.0,0.0,1.0,-0.11189523809523808,-0.07489944444444446,0.29605000000000004,Improving,False
2025-11-01,Toncoin,0.0,0.0,0.0,1.0,0.0,1.0,0.0,-0.09497619047619045,-0.06716777777777778,-0.4678,Declining,False
2025-11-02,Toncoin,0.0,0.0,0.0,1.0,0.0,1.0,0.0,-0.07805714285714282,-0.05943611111111113,0.0,Stable,False
2025-11-03,Toncoin,0.0,0.0,0.0,1.0,0.0,1.0,0.0,-0.019599999999999975,-0.05170444444444446,0.0,Stable,False
2025-11-04,Toncoin,0.0,0.0,0.0,1.0,0.0,1.0,0.0,0.038857142857142875,-0.041131111111111125,0.0,Stable,False
2025-11-05,Toncoin,0.0,0.0,0.0,1.0,0.0,1.0,0.0,0.09136428571428572,-0.030557777777777788,0.0,Stable,False
2025-11-06,Toncoin,0.0,0.0,0.0,1.0,0.0,1.0,0.0,0.06682857142857145,-0.019984444444444454,0.0,Stable,False
2025-11-07,Toncoin,0.0,0.0,0.0,1.0,0.0,1.0,0.0,0.0,-0.009411111111111118,0.0,Stable,False
2025-11-08,Toncoin,0.0,0.0,0.0,1.0,0.0,1.0,0.0,0.0,0.0011622222222222164,0.0,Stable,False
2025-11-09,Toncoin,0.27795000000000003,0.27795000000000003,0.8116878741240379,2.0,1.0,0.0,1.0,0.03970714285714288,0.021000555555555554,0.27795000000000003,Improving,False
2025-11-10,Toncoin,0.27795000000000003,0.27795000000000003,0.8116878741240379,2.0,1.0,0.0,1.0,0.07941428571428574,0.03813,0.0,Stable,False
2025-11-11,Toncoin,0.27795000000000003,0.27795000000000003,0.8116878741240379,2.0,1.0,0.0,1.0,0.1191214285714286,0.06597499999999999,0.0,Stable,False
2025-11-12,Toncoin,0.27795000000000003,0.27795000000000003,0.8116878741240379,2.0,1.0,0.0,1.0,0.15882857142857146,0.09381999999999999,0.0,Stable,False
2025-11-13,Toncoin,0.27795000000000003,0.27795000000000003,0.8116878741240379,2.0,1.0,0.0,1.0,0.19853571428571432,0.08968833333333333,0.0,Stable,False
2025-09-30,USDC,,,,,,,,,,,Stable,False
2025-10-01,USDC,0.0,0.0,0.0,1.0,0.0,1.0,0.0,0.0,0.0,,Stable,False
2025-10-02,USDC,0.0,0.0,0.0,1.0,0.0,1.0,0.0,0.0,0.0,0.0,Stable,False
2025-10-03,USDC,0.8221,0.8221,0.10238906191581207,2.0,0.0,0.0,2.0,0.27403333333333335,0.27403333333333335,0.8221,Improving,False
2025-10-04,USDC,0.8221,0.8221,0.10238906191581207,2.0,0.0,0.0,2.0,0.41105,0.41105,0.0,Stable,False
2025-10-05,USDC,0.8221,0.8221,0.10238906191581207,2.0,0.0,0.0,2.0,0.4932600000000001,0.4932600000000001,0.0,Stable,False
2025-10-06,USDC,0.8221,0.8221,0.10238906191581207,2.0,0.0,0.0,2.0,0.5480666666666667,0.5480666666666667,0.0,Stable,False
2025-10-07,USDC,0.8221,0.8221,0.10238906191581207,2.0,0.0,0.0,2.0,0.5872142857142857,0.5872142857142857,0.0,Stable,False
2025-10-08,USDC,0.872,0.872,0.0,1.0,0.0,0.0,1.0,0.7117857142857142,0.6228125,0.049899999999999944,Improving,False
2025-10-09,USDC,0.3248,0.3248,0.0,1.0,0.0,0.0,1.0,0.7581857142857144,0.5897000000000001,-0.5472,Declining,False
2025-10-10,USDC,0.3248,0.3248,0.0,1.0,0.0,0.0,1.0,0.6871428571428572,0.56321,0.0,Stable,False
2025-10-11,USDC,0.3248,0.3248,0.0,1.0,0.0,0.0,1.0,0.6161000000000001,0.5415363636363636,0.0,Stable,False
2025-10-12,USDC,0.3842,0.3842,0.543340850663743,2.0,0.0,1.0,1.0,0.5535428571428572,0.528425,0.05940000000000001,Improving,False
2025-10-13,USDC,0.34,0.34,0.0,1.0,0.0,0.0,1.0,0.4846714285714286,0.5139307692307692,-0.04419999999999996,Declining,False
2025-10-14,USDC,0.34,0.34,0.0,1.0,0.0,0.0,1.0,0.41579999999999995,0.5015071428571429,0.0,Stable,False
2025-10-15,USDC,0.7646,0.7646,0.01979898987322331,2.0,0.0,0.0,2.0,0.40045714285714284,0.5190466666666667,0.4245999999999999,Improving,False
2025-10-16,USDC,0.7646,0.7646,0.01979898987322331,2.0,0.0,0.0,2.0,0.46328571428571425,0.53439375,0.0,Stable,False
2025-10-17,USDC,0.57725,0.57725,0.1871711649800791,2.0,0.0,0.0,2.0,0.49935,0.5369147058823529,-0.1873499999999999,Declining,False
2025-10-18,USDC,0.57725,0.57725,0.1871711649800791,2.0,0.0,0.0,2.0,0.5354142857142857,0.5391555555555556,0.0,Stable,False
2025-10-19,USDC,0.57725,0.57725,0.1871711649800791,2.0,0.0,0.0,2.0,0.5629928571428572,0.5411605263157895,0.0,Stable,False
2025-10-20,USDC,-0.0897,0.0,0.41508388308870775,3.0,1.0,1.0,1.0,0.5016071428571428,0.5096175000000001,-0.66695,Declining,False
2025-10-21,USDC,0.8186,0.8186,0.04737615433949865,2.0,0.0,0.0,2.0,0.5699785714285714,0.5243309523809524,0.9083,Improving,False
2025-10-22,USDC,0.2732,0.2732,0.0,1.0,0.0,0.0,1.0,0.49977857142857146,0.5129159090909091,-0.5454,Declining,False
2025-10-23,USDC,-0.1027,-0.1027,0.0,1.0,1.0,0.0,0.0,0.37587857142857145,0.48614999999999997,-0.3759,Declining,False
2025-10-24,USDC,0.0,-0.0,0.0,1.0,0.0,1.0,0.0,0.29341428571428574,0.46589375,0.1027,Improving,False
2025-10-25,USDC,0.38155,0.38155,0.028779245994292456,2.0,0.0,0.0,2.0,0.2654571428571429,0.46252000000000004,0.38155,Improving,False
2025-10-26,USDC,0.031200000000000006,0.0,0.3797606614698263,5.0,1.0,2.0,2.0,0.18744999999999998,0.44593076923076924,-0.35035,Declining,False
2025-10-27,USDC,0.0,0.0,0.0,1.0,0.0,1.0,0.0,0.20026428571428573,0.42941481481481486,-0.031200000000000006,Declining,False
2025-10-28,USDC,0.18634,-0.0191,0.46432647243076725,5.0,1.0,2.0,2.0,0.10994142857142856,0.42073357142857143,0.18634,Improving,False
2025-10-29,USDC,-0.50395,-0.50395,0.3591395341646475,2.0,2.0,0.0,0.0,-0.0010800000000000015,0.3888479310344828,-0.6902900000000001,Declining,False
2025-10-30,USDC,0.405,0.405,0.5727564927611035,2.0,0.0,1.0,1.0,0.07144857142857143,0.38938633333333333,0.90895,Improving,False
2025-10-31,USDC,0.9,0.9,0.0,1.0,0.0,0.0,1.0,0.20002,0.41938633333333336,0.495,Improving,False
2025-11-01,USDC,0.9,0.9,0.0,1.0,0.0,0.0,1.0,0.2740842857142857,0.44938633333333333,0.0,Stable,False
2025-11-02,USDC,0.9,0.9,0.0,1.0,0.0,0.0,1.0,0.39819857142857146,0.451983,0.0,Stable,False
2025-11-03,USDC,0.9,0.9,0.0,1.0,0.0,0.0,1.0,0.5267700000000001,0.45457966666666666,0.0,Stable,False
2025-11-04,USDC,0.9,0.9,0.0,1.0,0.0,0.0,1.0,0.6287214285714287,0.4571763333333333,0.0,Stable,False
2025-11-05,USDC,0.9,0.9,0.0,1.0,0.0,0.0,1.0,0.8292857142857143,0.45977300000000004,0.0,Stable,False
2025-11-06,USDC,-0.4404,-0.4404,0.0,1.0,1.0,0.0,0.0,0.7085142857142859,0.4176896666666667,-1.3404,Declining,True
2025-11-07,USDC,0.0,0.0,0.0,1.0,0.0,1.0,0.0,0.5799428571428572,0.388623,0.4404,Improving,False
2025-11-08,USDC,0.0,0.0,0.0,1.0,0.0,1.0,0.0,0.45137142857142853,0.37779633333333335,0.0,Stable,False
2025-11-09,USDC,0.0,0.0,0.0,1.0,0.0,1.0,0.0,0.3228,0.3669696666666667,0.0,Stable,False
2025-11-10,USDC,0.0,0.0,0.0,1.0,0.0,1.0,0.0,0.19422857142857142,0.356143,0.0,Stable,False
2025-11-11,USDC,0.0,0.0,0.0,1.0,0.0,1.0,0.0,0.06565714285714286,0.3433363333333333,0.0,Stable,False
2025-11-12,USDC,0.0,0.0,0.0,1.0,0.0,1.0,0.0,-0.06291428571428571,0.332003,0.0,Stable,False
2025-11-13,USDC,0.0,0.0,0.0,1.0,0.0,1.0,0.0,0.0,0.32066966666666663,0.0,Stable,False
2025-09-30,Uniswap,,,,,,,,,,,Stable,False
2025-10-01,Uniswap,,,,,,,,,,,Stable,False
2025-10-02,Uniswap,,,,,,,,,,,Stable,False
2025-10-03,Uniswap,,,,,,,,,,,Stable,False
2025-10-04,Uniswap,,,,,,,,,,,Stable,False
2025-10-05,Uniswap,,,,,,,,,,,Stable,False
2025-10-06,Uniswap,,,,,,,,,,,Stable,False
2025-10-07,Uniswap,,,,,,,,,,,Stable,False
2025-10-08,Uniswap,0.0,0.0,0.0,1.0,0.0,1.0,0.0,0.0,0.0,,Stable,False
2025-10-09,Uniswap,0.0,0.0,0.0,1.0,0.0,1.0,0.0,0.0,0.0,0.0,Stable,False
2025-10-10,Uniswap,0.0,0.0,0.0,1.0,0.0,1.0,0.0,0.0,0.0,0.0,Stable,False
2025-10-11,Uniswap,0.0,0.0,0.0,1.0,0.0,1.0,0.0,0.0,0.0,0.0,Stable,False
2025-10-12,Uniswap,0.0,0.0,0.0,1.0,0.0,1.0,0.0,0.0,0.0,0.0,Stable,False
2025-10-13,Uniswap,0.0,0.0,0.0,1.0,0.0,1.0,0.0,0.0,0.0,0.0,Stable,False
2025-10-14,Uniswap,0.0,0.0,0.0,1.0,0.0,1.0,0.0,0.0,0.0,0.0,Stable,False
2025-10-15,Uniswap,0.0,0.0,0.0,1.0,0.0,1.0,0.0,0.0,0.0,0.0,Stable,False
2025-10-16,Uniswap,0.44025,0.44025,0.622607520834755,2.0,0.0,1.0,1.0,0.06289285714285714,0.048916666666666664,0.44025,Improving,False
2025-10-17,Uniswap,0.44025,0.44025,0.622607520834755,2.0,0.0,1.0,1.0,0.12578571428571428,0.08804999999999999,0.0,Stable,False
2025-10-18,Uniswap,0.44025,0.44025,0.622607520834755,2.0,0.0,1.0,1.0,0.18867857142857142,0.12006818181818181,0.0,Stable,False
2025-10-19,Uniswap,0.2382,0.2382,0.0,1.0,0.0,0.0,1.0,0.22270714285714283,0.1299125,-0.20204999999999998,Declining,False
2025-10-20,Uniswap,0.2382,0.2382,0.0,1.0,0.0,0.0,1.0,0.25673571428571423,0.13824230769230766,0.0,Stable,False
2025-10-21,Uniswap,0.2382,0.2382,0.0,1.0,0.0,0.0,1.0,0.2907642857142857,0.14538214285714285,0.0,Stable,False
2025-10-22,Uniswap,0.2382,0.2382,0.0,1.0,0.0,0.0,1.0,0.3247928571428571,0.15156999999999998,0.0,Stable,False
2025-10-23,Uniswap,0.2382,0.2382,0.0,1.0,0.0,0.0,1.0,0.29592857142857143,0.15698437499999998,0.0,Stable,False
2025-10-24,Uniswap,0.2382,0.2382,0.0,1.0,0.0,0.0,1.0,0.2670642857142857,0.16176176470588235,0.0,Stable,False
2025-10-25,Uniswap,0.2382,0.2382,0.0,1.0,0.0,0.0,1.0,0.2382,0.16600833333333334,0.0,Stable,False
2025-10-26,Uniswap,0.2382,0.2382,0.0,1.0,0.0,0.0,1.0,0.2382,0.1698078947368421,0.0,Stable,False
2025-10-27,Uniswap,0.2382,0.2382,0.0,1.0,0.0,0.0,1.0,0.2382,0.1732275,0.0,Stable,False
2025-10-28,Uniswap,0.2382,0.2382,0.0,1.0,0.0,0.0,1.0,0.2382,0.17632142857142857,0.0,Stable,False
2025-10-29,Uniswap,0.2382,0.2382,0.0,1.0,0.0,0.0,1.0,0.2382,0.1791340909090909,0.0,Stable,False
2025-10-30,Uniswap,0.2382,0.2382,0.0,1.0,0.0,0.0,1.0,0.2382,0.18170217391304347,0.0,Stable,False
2025-10-31,Uniswap,0.8834,0.8834,0.0,1.0,0.0,0.0,1.0,0.33037142857142854,0.21093958333333332,0.6452,Improving,True
2025-11-01,Uniswap,0.0,0.0,0.0,1.0,0.0,1.0,0.0,0.29634285714285713,0.202502,-0.8834,Declining,False
2025-11-02,Uniswap,0.0,0.0,0.0,1.0,0.0,1.0,0.0,0.2623142857142857,0.19471346153846153,0.0,Stable,False
2025-11-03,Uniswap,0.0,0.0,0.0,1.0,0.0,1.0,0.0,0.2282857142857143,0.18750185185185184,0.0,Stable,False
2025-11-04,Uniswap,0.0,0.0,0.0,1.0,0.0,1.0,0.0,0.19425714285714285,0.18080535714285714,0.0,Stable,False
2025-11-05,Uniswap,0.0,0.0,0.0,1.0,0.0,1.0,0.0,0.16022857142857141,0.17457068965517242,0.0,Stable,False
2025-11-06,Uniswap,0.0,0.0,0.0,1.0,0.0,1.0,0.0,0.1262,0.16875166666666666,0.0,Stable,False
2025-11-07,Uniswap,0.25,0.25,0.0,1.0,0.0,0.0,1.0,0.03571428571428571,0.177085,0.25,Improving,False
2025-11-08,Uniswap,0.25,0.25,0.0,1.0,0.0,0.0,1.0,0.07142857142857142,0.18541833333333332,0.0,Stable,False
2025-11-09,Uniswap,0.25,0.25,0.0,1.0,0.0,0.0,1.0,0.10714285714285714,0.19375166666666666,0.0,Stable,False
2025-11-10,Uniswap,0.25,0.25,0.0,1.0,0.0,0.0,1.0,0.14285714285714285,0.202085,0.0,Stable,False
2025-11-11,Uniswap,-0.38915,-0.38915,0.55034120779749,2.0,1.0,1.0,0.0,0.08726428571428571,0.18911333333333333,-0.63915,Declining,True
2025-11-12,Uniswap,-0.38915,-0.38915,0.55034120779749,2.0,1.0,1.0,0.0,0.03167142857142857,0.17614166666666667,0.0,Stable,True
2025-11-13,Uniswap,-0.38915,-0.38915,0.55034120779749,2.0,1.0,1.0,0.0,-0.02392142857142857,0.16317,0.0,Stable,False
2025-09-30,World Liberty Financial,,,,,,,,,,,Stable,False
2025-10-01,World Liberty Financial,,,,,,,,,,,Stable,False
2025-10-02,World Liberty Financial,,,,,,,,,,,Stable,False
2025-10-03,World Liberty Financial,,,,,,,,,,,Stable,False
2025-10-04,World Liberty Financial,-0.25,-0.25,0.0,1.0,1.0,0.0,0.0,-0.25,-0.25,,Stable,False
2025-10-05,World Liberty Financial,-0.25,-0.25,0.0,1.0,1.0,0.0,0.0,-0.25,-0.25,0.0,Stable,False
2025-10-06,World Liberty Financial,-0.25,-0.25,0.0,1.0,1.0,0.0,0.0,-0.25,-0.25,0.0,Stable,False
2025-10-07,World Liberty Financial,-0.25,-0.25,0.0,1.0,1.0,0.0,0.0,-0.25,-0.25,0.0,Stable,False
2025-10-08,World Liberty Financial,-0.25,-0.25,0.0,1.0,1.0,0.0,0.0,-0.25,-0.25,0.0,Stable,False
2025-10-09,World Liberty Financial,-0.25,-0.25,0.0,1.0,1.0,0.0,0.0,-0.25,-0.25,0.0,Stable,False
2025-10-10,World Liberty Financial,-0.25,-0.25,0.0,1.0,1.0,0.0,0.0,-0.25,-0.25,0.0,Stable,False
2025-10-11,World Liberty Financial,-0.25,-0.25,0.0,1.0,1.0,0.0,0.0,-0.25,-0.25,0.0,Stable,False
2025-10-12,World Liberty Financial,-0.25,-0.25,0.0,1.0,1.0,0.0,0.0,-0.25,-0.25,0.0,Stable,False
2025-10-13,World Liberty Financial,-0.1531,-0.1531,0.0,1.0,1.0,0.0,0.0,-0.23615714285714287,-0.24031000000000002,0.09689999999999999,Improving,False
2025-10-14,World Liberty Financial,-0.1531,-0.1531,0.0,1.0,1.0,0.0,0.0,-0.22231428571428571,-0.2323818181818182,0.0,Stable,False
2025-10-15,World Liberty Financial,-0.1531,-0.1531,0.0,1.0,1.0,0.0,0.0,-0.20847142857142859,-0.22577499999999998,0.0,Stable,False
2025-10-16,World Liberty Financial,-0.1531,-0.1531,0.0,1.0,1.0,0.0,0.0,-0.19462857142857143,-0.2201846153846154,0.0,Stable,False
2025-10-17,World Liberty Financial,-0.1531,-0.1531,0.0,1.0,1.0,0.0,0.0,-0.1807857142857143,-0.21539285714285716,0.0,Stable,False
2025-10-18,World Liberty Financial,-0.1531,-0.1531,0.0,1.0,1.0,0.0,0.0,-0.16694285714285714,-0.21124,0.0,Stable,False
2025-10-19,World Liberty Financial,0.2617,0.2617,0.0,1.0,0.0,0.0,1.0,-0.09384285714285714,-0.18168125000000002,0.4148,Improving,True
2025-10-20,World Liberty Financial,0.2617,0.2617,0.0,1.0,0.0,0.0,1.0,-0.034585714285714296,-0.1556,0.0,Stable,False
2025-10-21,World Liberty Financial,0.2617,0.2617,0.0,1.0,0.0,0.0,1.0,0.02467142857142856,-0.13241666666666668,0.0,Stable,False
2025-10-22,World Liberty Financial,0.2617,0.2617,0.0,1.0,0.0,0.0,1.0,0.08392857142857142,-0.11167368421052633,0.0,Stable,False
2025-10-23,World Liberty Financial,0.30222000000000004,0.4939,0.4328986509565489,5.0,1.0,0.0,4.0,0.1489742857142857,-0.090979,0.040520000000000056,Improving,False
2025-10-24,World Liberty Financial,0.30222000000000004,0.4939,0.4328986509565489,5.0,1.0,0.0,4.0,0.21402000000000002,-0.0722552380952381,0.0,Stable,False
2025-10-25,World Liberty Financial,0.30222000000000004,0.4939,0.4328986509565489,5.0,1.0,0.0,4.0,0.2790657142857143,-0.05523363636363636,0.0,Stable,False
2025-10-26,World Liberty Financial,0.30222000000000004,0.4939,0.4328986509565489,5.0,1.0,0.0,4.0,0.2848542857142857,-0.03969217391304348,0.0,Stable,False
2025-10-27,World Liberty Financial,-0.296,-0.296,0.0,1.0,1.0,0.0,0.0,0.20518285714285717,-0.05037166666666667,-0.59822,Declining,True
2025-10-28,World Liberty Financial,0.7964,0.7964,0.0,1.0,0.0,0.0,1.0,0.28156857142857145,-0.0165008,1.0924,Improving,True
2025-10-29,World Liberty Financial,0.7964,0.7964,0.0,1.0,0.0,0.0,1.0,0.3579542857142857,0.014764615384615385,0.0,Stable,True
2025-10-30,World Liberty Financial,0.7964,0.7964,0.0,1.0,0.0,0.0,1.0,0.4285514285714286,0.04371407407407407,0.0,Stable,True
2025-10-31,World Liberty Financial,0.7964,0.7964,0.0,1.0,0.0,0.0,1.0,0.49914857142857144,0.07059571428571429,0.0,Stable,False
2025-11-01,World Liberty Financial,0.7964,0.7964,0.0,1.0,0.0,0.0,1.0,0.5697457142857143,0.09562344827586208,0.0,Stable,False
2025-11-02,World Liberty Financial,0.7964,0.7964,0.0,1.0,0.0,0.0,1.0,0.6403428571428572,0.11898266666666667,0.0,Stable,False
2025-11-03,World Liberty Financial,0.7964,0.7964,0.0,1.0,0.0,0.0,1.0,0.7964,0.15386266666666665,0.0,Stable,False
2025-11-04,World Liberty Financial,0.7964,0.7964,0.0,1.0,0.0,0.0,1.0,0.7964,0.18874266666666667,0.0,Stable,False
2025-11-05,World Liberty Financial,0.7964,0.7964,0.0,1.0,0.0,0.0,1.0,0.7964,0.22362266666666666,0.0,Stable,False
2025-11-06,World Liberty Financial,0.7964,0.7964,0.0,1.0,0.0,0.0,1.0,0.7964,0.25850266666666666,0.0,Stable,False
2025-11-07,World Liberty Financial,0.7964,0.7964,0.0,1.0,0.0,0.0,1.0,0.7964,0.2933826666666667,0.0,Stable,False
2025-11-08,World Liberty Financial,0.7964,0.7964,0.0,1.0,0.0,0.0,1.0,0.7964,0.32826266666666665,0.0,Stable,False
2025-11-09,World Liberty Financial,0.7964,0.7964,0.0,1.0,0.0,0.0,1.0,0.7964,0.36314266666666667,0.0,Stable,False
2025-11-10,World Liberty Financial,0.7964,0.7964,0.0,1.0,0.0,0.0,1.0,0.7964,0.3980226666666667,0.0,Stable,False
2025-11-11,World Liberty Financial,0.7964,0.7964,0.0,1.0,0.0,0.0,1.0,0.7964,0.4329026666666667,0.0,Stable,False
2025-11-12,World Liberty Financial,0.7964,0.7964,0.0,1.0,0.0,0.0,1.0,0.7964,0.46455266666666667,0.0,Stable,False
2025-11-13,World Liberty Financial,0.7964,0.7964,0.0,1.0,0.0,0.0,1.0,0.7964,0.4962026666666667,0.0,Stable,False
2025-09-30,World Liberty Financial USD,,,,,,,,,,,Stable,False
2025-10-01,World Liberty Financial USD,,,,,,,,,,,Stable,False
2025-10-02,World Liberty Financial USD,,,,,,,,,,,Stable,False
2025-10-03,World Liberty Financial USD,,,,,,,,,,,Stable,False
2025-10-04,World Liberty Financial USD,,,,,,,,,,,Stable,False
2025-10-05,World Liberty Financial USD,,,,,,,,,,,Stable,False
2025-10-06,World Liberty Financial USD,,,,,,,,,,,Stable,False
2025-10-07,World Liberty Financial USD,,,,,,,,,,,Stable,False
2025-10-08,World Liberty Financial USD,,,,,,,,,,,Stable,False
2025-10-09,World Liberty Financial USD,,,,,,,,,,,Stable,False
2025-10-10,World Liberty Financial USD,,,,,,,,,,,Stable,False
2025-10-11,World Liberty Financial USD,,,,,,,,,,,Stable,False
2025-10-12,World Liberty Financial USD,,,,,,,,,,,Stable,False
2025-10-13,World Liberty Financial USD,,,,,,,,,,,Stable,False
2025-10-14,World Liberty Financial USD,,,,,,,,,,,Stable,False
2025-10-15,World Liberty Financial USD,,,,,,,,,,,Stable,False
2025-10-16,World Liberty Financial USD,,,,,,,,,,,Stable,False
2025-10-17,World Liberty Financial USD,,,,,,,,,,,Stable,False
2025-10-18,World Liberty Financial USD,,,,,,,,,,,Stable,False
2025-10-19,World Liberty Financial USD,,,,,,,,,,,Stable,False
2025-10-20,World Liberty Financial USD,,,,,,,,,,,Stable,False
2025-10-21,World Liberty Financial USD,,,,,,,,,,,Stable,False
2025-10-22,World Liberty Financial USD,,,,,,,,,,,Stable,False
2025-10-23,World Liberty Financial USD,0.6488,0.5574,0.1583094438117954,3.0,0.0,0.0,3.0,0.6488,0.6488,,Stable,False
2025-10-24,World Liberty Financial USD,0.12876666666666667,0.0386,0.43221753165121224,6.0,1.0,2.0,3.0,0.38878333333333337,0.38878333333333337,-0.5200333333333333,Declining,True
2025-10-25,World Liberty Financial USD,0.12876666666666667,0.0386,0.43221753165121224,6.0,1.0,2.0,3.0,0.30211111111111116,0.30211111111111116,0.0,Stable,True
2025-10-26,World Liberty Financial USD,0.12876666666666667,0.0386,0.43221753165121224,6.0,1.0,2.0,3.0,0.25877500000000003,0.25877500000000003,0.0,Stable,True
2025-10-27,World Liberty Financial USD,0.12876666666666667,0.0386,0.43221753165121224,6.0,1.0,2.0,3.0,0.23277333333333336,0.23277333333333336,0.0,Stable,False
2025-10-28,World Liberty Financial USD,0.12876666666666667,0.0386,0.43221753165121224,6.0,1.0,2.0,3.0,0.21543888888888887,0.21543888888888887,0.0,Stable,False
2025-10-29,World Liberty Financial USD,0.12876666666666667,0.0386,0.43221753165121224,6.0,1.0,2.0,3.0,0.20305714285714285,0.20305714285714285,0.0,Stable,False
2025-10-30,World Liberty Financial USD,0.12876666666666667,0.0386,0.43221753165121224,6.0,1.0,2.0,3.0,0.12876666666666667,0.19377083333333334,0.0,Stable,False
2025-10-31,World Liberty Financial USD,0.12876666666666667,0.0386,0.43221753165121224,6.0,1.0,2.0,3.0,0.12876666666666667,0.18654814814814816,0.0,Stable,False
2025-11-01,World Liberty Financial USD,0.12876666666666667,0.0386,0.43221753165121224,6.0,1.0,2.0,3.0,0.12876666666666667,0.18077000000000001,0.0,Stable,False
2025-11-02,World Liberty Financial USD,0.12876666666666667,0.0386,0.43221753165121224,6.0,1.0,2.0,3.0,0.12876666666666667,0.17604242424242425,0.0,Stable,False
2025-11-03,World Liberty Financial USD,0.12876666666666667,0.0386,0.43221753165121224,6.0,1.0,2.0,3.0,0.12876666666666667,0.1721027777777778,0.0,Stable,False
2025-11-04,World Liberty Financial USD,0.12876666666666667,0.0386,0.43221753165121224,6.0,1.0,2.0,3.0,0.12876666666666667,0.16876923076923075,0.0,Stable,False
2025-11-05,World Liberty Financial USD,0.12876666666666667,0.0386,0.43221753165121224,6.0,1.0,2.0,3.0,0.12876666666666667,0.1659119047619048,0.0,Stable,False
2025-11-06,World Liberty Financial USD,0.12876666666666667,0.0386,0.43221753165121224,6.0,1.0,2.0,3.0,0.12876666666666667,0.16343555555555556,0.0,Stable,False
2025-11-07,World Liberty Financial USD,0.12876666666666667,0.0386,0.43221753165121224,6.0,1.0,2.0,3.0,0.12876666666666667,0.16126875000000002,0.0,Stable,False
2025-11-08,World Liberty Financial USD,0.12876666666666667,0.0386,0.43221753165121224,6.0,1.0,2.0,3.0,0.12876666666666667,0.15935686274509805,0.0,Stable,False
2025-11-09,World Liberty Financial USD,0.12876666666666667,0.0386,0.43221753165121224,6.0,1.0,2.0,3.0,0.12876666666666667,0.1576574074074074,0.0,Stable,False
2025-11-10,World Liberty Financial USD,0.12876666666666667,0.0386,0.43221753165121224,6.0,1.0,2.0,3.0,0.12876666666666667,0.15613684210526316,0.0,Stable,False
2025-11-11,World Liberty Financial USD,0.12876666666666667,0.0386,0.43221753165121224,6.0,1.0,2.0,3.0,0.12876666666666667,0.15476833333333334,0.0,Stable,False
2025-11-12,World Liberty Financial USD,0.12876666666666667,0.0386,0.43221753165121224,6.0,1.0,2.0,3.0,0.12876666666666667,0.15353015873015874,0.0,Stable,False
2025-11-13,World Liberty Financial USD,0.12876666666666667,0.0386,0.43221753165121224,6.0,1.0,2.0,3.0,0.12876666666666667,0.15240454545454546,0.0,Stable,False
2025-09-30,XRP,,,,,,,,,,,Stable,False
2025-10-01,XRP,0.39775,0.39775,0.5625034444338985,2.0,0.0,1.0,1.0,0.39775,0.39775,,Stable,False
2025-10-02,XRP,0.39775,0.39775,0.5625034444338985,2.0,0.0,1.0,1.0,0.39775,0.39775,0.0,Stable,False
2025-10-03,XRP,0.39775,0.39775,0.5625034444338985,2.0,0.0,1.0,1.0,0.39775,0.39775,0.0,Stable,False
2025-10-04,XRP,-0.8174,-0.8174,0.0,1.0,1.0,0.0,0.0,0.0939625,0.0939625,-1.21515,Declining,True
2025-10-05,XRP,-0.8174,-0.8174,0.0,1.0,1.0,0.0,0.0,-0.08831,-0.08831,0.0,Stable,False
2025-10-06,XRP,0.8344,0.8344,0.0,1.0,0.0,0.0,1.0,0.065475,0.065475,1.6518000000000002,Improving,False
2025-10-07,XRP,0.8344,0.8344,0.0,1.0,0.0,0.0,1.0,0.1753214285714286,0.1753214285714286,0.0,Stable,False
2025-10-08,XRP,0.5445,0.5445,0.14721963184303916,2.0,0.0,0.0,2.0,0.1962857142857143,0.22146875,-0.28990000000000005,Declining,False
2025-10-09,XRP,0.7391,0.7391,0.0,1.0,0.0,0.0,1.0,0.24505,0.27898333333333336,0.1946,Improving,False
2025-10-10,XRP,0.7391,0.7391,0.0,1.0,0.0,0.0,1.0,0.29381428571428575,0.32499500000000003,0.0,Stable,False
2025-10-11,XRP,0.5405,0.5405,0.0,1.0,0.0,0.0,1.0,0.4878,0.34458636363636364,-0.1986,Declining,False
2025-10-12,XRP,0.5405,0.5405,0.0,1.0,0.0,0.0,1.0,0.6817857142857143,0.36091249999999997,0.0,Stable,False
2025-10-13,XRP,0.5405,0.5405,0.0,1.0,0.0,0.0,1.0,0.6398,0.3747269230769231,0.0,Stable,False
2025-10-14,XRP,-0.3818,-0.3818,0.0,1.0,1.0,0.0,0.0,0.46605714285714284,0.32068928571428573,-0.9222999999999999,Declining,True
2025-10-15,XRP,-0.3818,-0.3818,0.0,1.0,1.0,0.0,0.0,0.33372857142857143,0.2738566666666667,0.0,Stable,False
2025-10-16,XRP,-0.3818,-0.3818,0.0,1.0,1.0,0.0,0.0,0.1736,0.232878125,0.0,Stable,False
2025-10-17,XRP,-0.3818,-0.3818,0.0,1.0,1.0,0.0,0.0,0.013471428571428594,0.19672058823529412,0.0,Stable,False
2025-10-18,XRP,-0.3818,-0.3818,0.0,1.0,1.0,0.0,0.0,-0.11828571428571426,0.16458055555555556,0.0,Stable,False
2025-10-19,XRP,0.195675,0.1806,0.22728313289815416,4.0,0.0,2.0,2.0,-0.16754642857142854,0.1662171052631579,0.577475,Improving,False
2025-10-20,XRP,-0.6369,-0.6369,0.0,1.0,1.0,0.0,0.0,-0.33574642857142856,0.12606125,-0.8325750000000001,Declining,False
2025-10-21,XRP,0.06743333333333333,0.0,0.1167979594570613,3.0,0.0,2.0,1.0,-0.2715702380952381,0.12326944444444446,0.7043333333333334,Improving,False
2025-10-22,XRP,0.488825,0.4886,0.2343976020212949,4.0,0.0,0.0,4.0,-0.14719523809523807,0.13988560606060607,0.42139166666666666,Improving,False
2025-10-23,XRP,0.29202105263157896,0.4019,0.5167279937570286,19.0,4.0,1.0,14.0,-0.050935087719298215,0.14650019069412662,-0.19680394736842105,Declining,False
2025-10-24,XRP,0.07616666666666667,0.2998,0.6095367940767262,3.0,1.0,0.0,2.0,0.0144887218045113,0.14356962719298247,-0.2158543859649123,Declining,False
2025-10-25,XRP,0.2423,0.2552,0.2508786426408859,4.0,0.0,1.0,3.0,0.10364586466165415,0.14751884210526317,0.1661333333333333,Improving,False
2025-10-26,XRP,-0.015237499999999994,0.0,0.30448741910439775,8.0,3.0,2.0,3.0,0.07351550751879701,0.14125898279352228,-0.2575375,Declining,False
2025-10-27,XRP,0.1757666666666667,0.2023,0.5648675715009079,3.0,1.0,0.0,2.0,0.1896107456140351,0.1425370451591943,0.1910041666666667,Improving,False
2025-10-28,XRP,0.21006,0.01005,0.41008092480495706,10.0,2.0,4.0,4.0,0.20998598370927324,0.14494857926065166,0.03429333333333329,Improving,False
2025-10-29,XRP,0.2749111111111111,0.296,0.4485777341900856,9.0,1.0,2.0,6.0,0.17942685672514624,0.14943004587618472,0.06485111111111111,Improving,False
2025-10-30,XRP,0.1381,0.0,0.5014575671646273,25.0,7.0,7.0,11.0,0.15743813492063494,0.1490523776803119,-0.1368111111111111,Declining,False
2025-10-31,XRP,-0.0018,-0.0018,0.002545584412271571,2.0,0.0,2.0,0.0,0.1463000396825397,0.13573404434697853,-0.1399,Declining,False
2025-11-01,XRP,-0.0018,-0.0018,0.002545584412271571,2.0,0.0,2.0,0.0,0.11142861111111114,0.12241571101364522,0.0,Stable,False
2025-11-02,XRP,-0.0018,-0.0018,0.002545584412271571,2.0,0.0,2.0,0.0,0.11334825396825399,0.1090973776803119,0.0,Stable,False
2025-11-03,XRP,-0.0018,-0.0018,0.002545584412271571,2.0,0.0,2.0,0.0,0.08798158730158732,0.13628404434697855,0.0,Stable,False
2025-11-04,XRP,0.24453333333333335,0.1477,0.30471662792393417,3.0,0.0,1.0,2.0,0.09290634920634923,0.17168182212475636,0.24633333333333335,Improving,False
2025-11-05,XRP,0.24453333333333335,0.1477,0.30471662792393417,3.0,0.0,1.0,2.0,0.0885666666666667,0.1520195999025341,0.0,Stable,False
2025-11-06,XRP,0.24453333333333335,0.1477,0.30471662792393417,3.0,0.0,1.0,2.0,0.1037714285714286,0.1323573776803119,0.0,Stable,False
2025-11-07,XRP,0.24453333333333335,0.1477,0.30471662792393417,3.0,0.0,1.0,2.0,0.1389619047619048,0.12235848879142301,0.0,Stable,False
2025-11-08,XRP,0.24453333333333335,0.1477,0.30471662792393417,3.0,0.0,1.0,2.0,0.174152380952381,0.10587293323586745,0.0,Stable,False
2025-11-09,XRP,0.24453333333333335,0.1477,0.30471662792393417,3.0,0.0,1.0,2.0,0.2093428571428572,0.0893873776803119,0.0,Stable,False
2025-11-10,XRP,0.24453333333333335,0.1477,0.30471662792393417,3.0,0.0,1.0,2.0,0.24453333333333335,0.07952182212475635,0.0,Stable,False
2025-11-11,XRP,0.24453333333333335,0.1477,0.30471662792393417,3.0,0.0,1.0,2.0,0.24453333333333335,0.06965626656920079,0.0,Stable,False
2025-11-12,XRP,-0.17985,-0.17985,0.25434630919280116,2.0,1.0,1.0,0.0,0.18390714285714288,0.045644599902534125,-0.42438333333333333,Declining,False
2025-11-13,XRP,-0.17985,-0.17985,0.25434630919280116,2.0,1.0,1.0,0.0,0.12328095238095242,0.05237626656920079,0.0,Stable,False
2025-09-30,Zcash,,,,,,,,,,,Stable,False
2025-10-01,Zcash,,,,,,,,,,,Stable,False
2025-10-02,Zcash,0.7173,0.7173,0.0,1.0,0.0,0.0,1.0,0.7173,0.7173,,Stable,False
2025-10-03,Zcash,0.7173,0.7173,0.0,1.0,0.0,0.0,1.0,0.7173,0.7173,0.0,Stable,False
2025-10-04,Zcash,0.7173,0.7173,0.0,1.0,0.0,0.0,1.0,0.7173,0.7173,0.0,Stable,False
2025-10-05,Zcash,0.7173,0.7173,0.0,1.0,0.0,0.0,1.0,0.7173,0.7173,0.0,Stable,False
2025-10-06,Zcash,0.7173,0.7173,0.0,1.0,0.0,0.0,1.0,0.7173,0.7173,0.0,Stable,False
2025-10-07,Zcash,0.7173,0.7173,0.0,1.0,0.0,0.0,1.0,0.7173,0.7173,0.0,Stable,False
2025-10-08,Zcash,0.7173,0.7173,0.0,1.0,0.0,0.0,1.0,0.7173,0.7173,0.0,Stable,False
2025-10-09,Zcash,0.7173,0.7173,0.0,1.0,0.0,0.0,1.0,0.7173,0.7173,0.0,Stable,False
2025-10-10,Zcash,0.02165,0.02165,0.030617723625377506,2.0,0.0,2.0,0.0,0.6179214285714287,0.6400055555555556,-0.6956500000000001,Declining,True
2025-10-11,Zcash,0.02165,0.02165,0.030617723625377506,2.0,0.0,2.0,0.0,0.5185428571428571,0.5781700000000001,0.0,Stable,False
2025-10-12,Zcash,0.4585,0.4585,0.0,1.0,0.0,0.0,1.0,0.48157142857142865,0.5672909090909092,0.43685,Improving,False
2025-10-13,Zcash,0.4585,0.4585,0.0,1.0,0.0,0.0,1.0,0.44460000000000005,0.5582250000000001,0.0,Stable,False
2025-10-14,Zcash,0.4585,0.4585,0.0,1.0,0.0,0.0,1.0,0.40762857142857145,0.5505538461538462,0.0,Stable,False
2025-10-15,Zcash,0.4585,0.4585,0.0,1.0,0.0,0.0,1.0,0.37065714285714285,0.5439785714285714,0.0,Stable,False
2025-10-16,Zcash,0.4585,0.4585,0.0,1.0,0.0,0.0,1.0,0.33368571428571425,0.5382800000000001,0.0,Stable,False
2025-10-17,Zcash,0.4585,0.4585,0.0,1.0,0.0,0.0,1.0,0.39609285714285714,0.53329375,0.0,Stable,False
2025-10-18,Zcash,0.4585,0.4585,0.0,1.0,0.0,0.0,1.0,0.4585,0.5288941176470588,0.0,Stable,False
2025-10-19,Zcash,0.4585,0.4585,0.0,1.0,0.0,0.0,1.0,0.4585,0.5249833333333334,0.0,Stable,False
2025-10-20,Zcash,0.4585,0.4585,0.0,1.0,0.0,0.0,1.0,0.4585,0.5214842105263159,0.0,Stable,False
2025-10-21,Zcash,-0.34,-0.34,0.0,1.0,1.0,0.0,0.0,0.3444285714285714,0.47841000000000006,-0.7985,Declining,True
2025-10-22,Zcash,-0.34,-0.34,0.0,1.0,1.0,0.0,0.0,0.2303571428571429,0.4394380952380953,0.0,Stable,True
2025-10-23,Zcash,-0.34,-0.34,0.0,1.0,1.0,0.0,0.0,0.1162857142857143,0.404009090909091,0.0,Stable,False
2025-10-24,Zcash,-0.34,-0.34,0.0,1.0,1.0,0.0,0.0,0.002214285714285708,0.37166086956521743,0.0,Stable,False
2025-10-25,Zcash,-0.34,-0.34,0.0,1.0,1.0,0.0,0.0,-0.11185714285714288,0.3420083333333333,0.0,Stable,False
2025-10-26,Zcash,0.15588235294117647,0.0772,0.47830420659253836,17.0,4.0,4.0,9.0,-0.15508823529411767,0.33456329411764707,0.4958823529411765,Improving,False
2025-10-27,Zcash,0.5423,0.5423,0.0,1.0,0.0,0.0,1.0,-0.1431168067226891,0.34255316742081454,0.38641764705882353,Improving,True
2025-10-28,Zcash,0.9231,0.9231,0.0,1.0,0.0,0.0,1.0,0.03732605042016807,0.3640549019607843,0.3808,Improving,True
2025-10-29,Zcash,0.9231,0.9231,0.0,1.0,0.0,0.0,1.0,0.2177689075630252,0.3840207983193277,0.0,Stable,True
2025-10-30,Zcash,-0.1108,-0.1108,0.0,1.0,1.0,0.0,0.0,0.2505117647058824,0.36695801217038543,-1.0339,Declining,False
2025-10-31,Zcash,-0.47965,-0.47965,0.10995510447450818,2.0,2.0,0.0,0.0,0.23056176470588238,0.3387377450980392,-0.36885,Declining,True
2025-11-01,Zcash,0.20438,0.0,0.5917648916588412,5.0,2.0,1.0,2.0,0.30833033613445376,0.3216404117647059,0.68403,Improving,False
2025-11-02,Zcash,0.20438,0.0,0.5917648916588412,5.0,2.0,1.0,2.0,0.31525857142857144,0.30454307843137257,0.0,Stable,False
2025-11-03,Zcash,0.20438,0.0,0.5917648916588412,5.0,2.0,1.0,2.0,0.26698428571428573,0.2874457450980393,0.0,Stable,False
2025-11-04,Zcash,0.0,0.0,0.0,1.0,0.0,1.0,0.0,0.13511285714285717,0.26353574509803923,-0.20438,Declining,False
2025-11-05,Zcash,0.0,0.0,0.0,1.0,0.0,1.0,0.0,0.0032414285714285856,0.23962574509803922,0.0,Stable,False
2025-11-06,Zcash,0.0,0.0,0.0,1.0,0.0,1.0,0.0,0.019070000000000014,0.21571574509803923,0.0,Stable,False
2025-11-07,Zcash,0.0,0.0,0.0,1.0,0.0,1.0,0.0,0.08759142857142858,0.19180574509803922,0.0,Stable,False
2025-11-08,Zcash,0.0,0.0,0.0,1.0,0.0,1.0,0.0,0.05839428571428573,0.16789574509803923,0.0,Stable,False
2025-11-09,Zcash,0.0,0.0,0.0,1.0,0.0,1.0,0.0,0.029197142857142873,0.16717407843137255,0.0,Stable,False
2025-11-10,Zcash,0.0,0.0,0.0,1.0,0.0,1.0,0.0,0.0,0.16645241176470588,0.0,Stable,False
2025-11-11,Zcash,0.0,0.0,0.0,1.0,0.0,1.0,0.0,0.0,0.15116907843137253,0.0,Stable,False
2025-11-12,Zcash,0.0,0.0,0.0,1.0,0.0,1.0,0.0,0.0,0.13588574509803922,0.0,Stable,False
2025-11-13,Zcash,0.0,0.0,0.0,1.0,0.0,1.0,0.0,0.0,0.12060241176470589,0.0,Stable,False
